DISTRICT_CD,DISTRICT,SDPO_CD,SDPO,CIRCLE_CD,CIRCLE,PS_CD,PS
2057,Alluri Sitharama Raju,2035402,Paderu SDPO,2035205,Araku Circle,2035011,Dumbriguda
2057,Alluri Sitharama Raju,2035402,Paderu SDPO,2035205,Araku Circle,2035002,Araku
2057,Alluri Sitharama Raju,2035402,Paderu SDPO,2035205,Araku Circle,2035066,Anantagiri
2057,Alluri Sitharama Raju,2035401,Chintapalli SDPO,2035203,Chintapalli Circle,2035071,Annavaram
2057,Alluri Sitharama Raju,2035401,Chintapalli SDPO,2035203,Chintapalli Circle,2035007,Chinthapalli
2057,Alluri Sitharama Raju,2035401,Chintapalli SDPO,2035204,G. K. Veedhi Circle,2035019,Gudemkothaveedi (G.K.Veedhi)
2057,Alluri Sitharama Raju,2035401,Chintapalli SDPO,2035204,G. K. Veedhi Circle,2035047,Sileru
2057,Alluri Sitharama Raju,2035401,Chintapalli SDPO,2035211,Koyyuru Circle,2035033,Koyyuru
2057,Alluri Sitharama Raju,2035402,Paderu SDPO,2035206,G. Madugula Circle,2035017,Gangaraju Madugula(G.Madugula)
2057,Alluri Sitharama Raju,2035402,Paderu SDPO,2035206,G. Madugula Circle,2035049,Munchingiput
2057,Alluri Sitharama Raju,2035402,Paderu SDPO,2035206,G. Madugula Circle,2035043,Pedabayalu
2057,Alluri Sitharama Raju,2035401,Chintapalli SDPO,2035211,Koyyuru Circle,2035050,Mampa
2057,Alluri Sitharama Raju,2035402,Paderu SDPO,0,-,2035039,Paderu UPS
2057,Alluri Sitharama Raju,2035402,Paderu SDPO,2035207,Paderu Circle,2035021,Hukumpeta
2035,Anakapalli,2035400,Anakapalli SDPO,0,-,2035008,Chodavaram
2035,Anakapalli,2035404,Parawada SDPO,2035210,Yellamanchili Circle,2035065,Yelamanchili Town
2035,Anakapalli,2035404,Parawada SDPO,2035210,Yellamanchili Circle,2035064,Yelamanchili Rural
2035,Anakapalli,2035404,Parawada SDPO,0,-,2035044,Rambilli
2035,Anakapalli,2035404,Parawada SDPO,2035210,Yellamanchili Circle,2035068,Munagapaka
2035,Anakapalli,2035404,Parawada SDPO,0,-,2035012,Sabbavaram
2035,Anakapalli,2035404,Parawada SDPO,0,-,2038041,Parawada
2035,Anakapalli,2035404,Parawada SDPO,0,-,2035067,Atchutapuram
2035,Anakapalli,0,-,0,-,2035072,"CCS , Anakapalli"
2035,Anakapalli,0,-,0,-,2035015,"Mahila UPS, Anakapalli"
2035,Anakapalli,2035400,Anakapalli SDPO,0,-,2035001,Anakapalli Town
2035,Anakapalli,2035404,Parawada SDPO,2035210,Yellamanchili Circle,2035003,Yelamanchili Traffic
2035,Anakapalli,2035400,Anakapalli SDPO,2035200,Anakapalli Rural Circle,2035070,Anakapalli Rural
2035,Anakapalli,2035400,Anakapalli SDPO,0,-,2035027,Kasimkota
2035,Anakapalli,2035400,Anakapalli SDPO,2035213,Anakapalli Town UPS,2035022,Anakapalli Traffic
2035,Anakapalli,2035400,Anakapalli SDPO,2035202,K.Kotapadu Circle,2035029,A.Koduru
2035,Anakapalli,2035400,Anakapalli SDPO,2035202,K.Kotapadu Circle,2035009,Cheedikada
2035,Anakapalli,2035400,Anakapalli SDPO,2035202,K.Kotapadu Circle,2035010,Devarapalli
2035,Anakapalli,2035400,Anakapalli SDPO,2035202,K.Kotapadu Circle,2035031,K.Kotapadu
2035,Anakapalli,2035400,Anakapalli SDPO,2035202,K.Kotapadu Circle,2035054,V.Madugula
2035,Anakapalli,2035400,Anakapalli SDPO,2035208,Kothakota Circle,2035005,Butchiyyapeta
2035,Anakapalli,2035400,Anakapalli SDPO,2035208,Kothakota Circle,2035030,Kothakota
2035,Anakapalli,2035400,Anakapalli SDPO,2035208,Kothakota Circle,2035045,Ravikamatham
2035,Anakapalli,2035400,Anakapalli SDPO,2035208,Kothakota Circle,2035046,Rolugunta
2035,Anakapalli,2035403,Narsipatnam SDPO,0,-,2035037,Narsipatnam Town
2035,Anakapalli,2035403,Narsipatnam SDPO,0,-,2035041,Payakaraopeta
2035,Anakapalli,2035403,Narsipatnam SDPO,2035212,Nakkapalli Circle,2035032,Kotavurtla
2035,Anakapalli,2035403,Narsipatnam SDPO,0,-,2035035,Nakkapalli
2035,Anakapalli,2035403,Narsipatnam SDPO,2035212,Nakkapalli Circle,2035052,S.Rayavaram
2035,Anakapalli,2035403,Narsipatnam SDPO,2035209,Narsipatnam Rural Circle,2035051,Golugonda
2035,Anakapalli,2035403,Narsipatnam SDPO,2035209,Narsipatnam Rural Circle,2035028,K.D.Peta
2035,Anakapalli,2035403,Narsipatnam SDPO,2035209,Narsipatnam Rural Circle,2035053,Makavarapalem
2035,Anakapalli,2035403,Narsipatnam SDPO,2035209,Narsipatnam Rural Circle,2035038,Narsipatnam Rural
2035,Anakapalli,2035403,Narsipatnam SDPO,2035209,Narsipatnam Rural Circle,2035023,Nathavaram
2012,Ananthapuram,2012408,Anantapuram Rural SDPO,2012226,Singanamala Circle ,2012016,Garladinne
2012,Ananthapuram,2012408,Anantapuram Rural SDPO,2012226,Singanamala Circle ,2012063,Narpala
2012,Ananthapuram,2012408,Anantapuram Rural SDPO,2012226,Singanamala Circle ,2012064,Singanamala
2012,Ananthapuram,2012402,Guntakal SDPO,0,-,2012020,Guntakal I Town
2012,Ananthapuram,2012402,Guntakal SDPO,0,-,2012021,Guntakal II Town
2012,Ananthapuram,2012402,Guntakal SDPO,0,-,2012075,Uravakonda
2012,Ananthapuram,2012402,Guntakal SDPO,2012205,Guntakal Rural  Circle,2012034,Guntakal Rural
2012,Ananthapuram,2012402,Guntakal SDPO,2012205,Guntakal Rural  Circle,2012035,Kasapuram
2012,Ananthapuram,2012402,Guntakal SDPO,0,-,2012087,Kuderu UPS
2012,Ananthapuram,2012402,Guntakal SDPO,2012208,Uravakonda Rural Circle,2012049,Palthur
2012,Ananthapuram,2012402,Guntakal SDPO,2012208,Uravakonda Rural Circle,2012078,Vajrakarur
2012,Ananthapuram,2012402,Guntakal SDPO,2012208,Uravakonda Rural Circle,2012079,Vidapanakal
2012,Ananthapuram,2012407,Kalyanadurg SDPO,0,-,2012031,Kalyandurg Town
2012,Ananthapuram,2012407,Kalyanadurg SDPO,0,-,2012057,Rayadurg
2012,Ananthapuram,2012402,Guntakal SDPO,2012208,Uravakonda Rural Circle,2012008,Beluguppa
2012,Ananthapuram,2012407,Kalyanadurg SDPO,2012202,Kalyandurg Rural Circle,2012084,Brahamasamudram
2012,Ananthapuram,2012407,Kalyanadurg SDPO,2012202,Kalyandurg Rural Circle,2012047,Kalyandurg Rural
2012,Ananthapuram,2012407,Kalyanadurg SDPO,2012202,Kalyandurg Rural Circle,2012032,Kambadur
2012,Ananthapuram,2012407,Kalyanadurg SDPO,2012202,Kalyandurg Rural Circle,2012088,Kundurpi
2012,Ananthapuram,2012407,Kalyanadurg SDPO,2012202,Kalyandurg Rural Circle,2012062,Settur
2012,Ananthapuram,2012407,Kalyanadurg SDPO,2012207,Rayadurg Rural Circle,2012009,Bommanahal
2012,Ananthapuram,2012407,Kalyanadurg SDPO,2012207,Rayadurg Rural Circle,2012026,D.Hirehal
2012,Ananthapuram,2012407,Kalyanadurg SDPO,2012207,Rayadurg Rural Circle,2012023,Gummagatta
2012,Ananthapuram,2012407,Kalyanadurg SDPO,2012207,Rayadurg Rural Circle,2012033,Kanekal
2012,Ananthapuram,2012402,Guntakal SDPO,0,-,2012018,Gooty
2012,Ananthapuram,2012402,Guntakal SDPO,0,-,2012051,Pamidi
2012,Ananthapuram,2012406,Tadipatri SDPO,0,-,2012066,Tadipathri Rural
2012,Ananthapuram,2012406,Tadipatri SDPO,0,-,2012067,Tadipathri Town
2012,Ananthapuram,2012406,Tadipatri SDPO,2012228,Peddavadugur,2012092,Peddapappur
2012,Ananthapuram,2012406,Tadipatri SDPO,2012228,Peddavadugur,2012070,Peddavadugur
2012,Ananthapuram,2012406,Tadipatri SDPO,0,-,2012082,Yadiki
2012,Ananthapuram,2012408,Anantapuram Rural SDPO,2012217,Putlur Circle,2012056,Putlur
2012,Ananthapuram,2012408,Anantapuram Rural SDPO,2012217,Putlur Circle,2012083,Yellanur
2012,Ananthapuram,0,-,0,-,2012040,Anantapur Traffic
2012,Ananthapuram,0,-,0,-,2012095,"CCS, Anantapur"
2012,Ananthapuram,0,-,0,-,2012014,"Mahila UPS, Anantapur"
2012,Ananthapuram,2012400,Anantapuram Town SDPO,0,-,2012003,Anantapur I Town
2012,Ananthapuram,2012400,Anantapuram Town SDPO,0,-,2012004,Anantapur II Town
2012,Ananthapuram,2012400,Anantapuram Town SDPO,0,-,2012046,Anantapur III Town
2012,Ananthapuram,2012400,Anantapuram Town SDPO,0,-,2012093,Anantapur IV Town
2012,Ananthapuram,2012408,Anantapuram Rural SDPO,0,-,2012002,Anantapur Rural
2012,Ananthapuram,2012408,Anantapuram Rural SDPO,0,-,2012085,Bukkaraya Samudram
2012,Ananthapuram,2012408,Anantapuram Rural SDPO,2012201,Itukalapalli Circle,2012005,Atmakur
2012,Ananthapuram,2012408,Anantapuram Rural SDPO,2012201,Itukalapalli Circle,2012028,Itukalapalli
2012,Ananthapuram,2012408,Anantapuram Rural SDPO,0,-,2012061,Rapthadu
2068,Ananthapuramu EXCISE,2068400,Ananthapuramu EXCISE,0,-,2068003,Guntakal EXCISE
2068,Ananthapuramu EXCISE,2068400,Ananthapuramu EXCISE,0,-,2068009,B.K.Samudram EXCISE
2068,Ananthapuramu EXCISE,2068400,Ananthapuramu EXCISE,0,-,2068008,Kalyandurg EXCISE
2068,Ananthapuramu EXCISE,2068400,Ananthapuramu EXCISE,0,-,2068004,Kambadur EXCISE
2068,Ananthapuramu EXCISE,2068400,Ananthapuramu EXCISE,0,-,2068006,Tadipatri EXCISE
2068,Ananthapuramu EXCISE,2068400,Ananthapuramu EXCISE,0,-,2068002,Kanekal EXCISE
2068,Ananthapuramu EXCISE,2068400,Ananthapuramu EXCISE,0,-,2068005,Ananthapuramu EXCISE
2068,Ananthapuramu EXCISE,2068400,Ananthapuramu EXCISE,0,-,2068001,Gooty EXCISE
2068,Ananthapuramu EXCISE,2068400,Ananthapuramu EXCISE,0,-,2068007,Urvakonda EXCISE
2068,Ananthapuramu EXCISE,2068400,Ananthapuramu EXCISE,0,-,2068010,Rayadurg EXCISE
2058,Annamayya,2014402,Madanapalle SDPO,2014214,Molakalacheruvu Circle,2014071,Peddamandayam
2058,Annamayya,2014402,Madanapalle SDPO,2016229,Chowdepalli Circle,2014051,Sodam
2058,Annamayya,2014402,Madanapalle SDPO,2016229,Chowdepalli Circle,2014066,Chowdepalli
2058,Annamayya,2014402,Madanapalle SDPO,0,-,2014042,Punganur UPS
2058,Annamayya,2016406,Rayachoty SDPO,0,-,2014018,Kalikiri UPS
2058,Annamayya,2016406,Rayachoty SDPO,2014213,Voyalpadu Circle,2014065,Voyalpad
2058,Annamayya,2016406,Rayachoty SDPO,2016213,Rayachoty Rural Circle,2016054,Sambepalli
2058,Annamayya,2016406,Rayachoty SDPO,2016213,Rayachoty Rural Circle,2016007,Chinnamandem
2058,Annamayya,2014402,Madanapalle SDPO,0,-,2014025,Madanapalle I Town UPS
2058,Annamayya,2014402,Madanapalle SDPO,0,-,2014023,Madanapalle II Town UPS
2058,Annamayya,2014402,Madanapalle SDPO,0,-,2014024,Madanapalle Rural UPS
2058,Annamayya,2014402,Madanapalle SDPO,0,-,2014006,B.Kothakota UPS
2058,Annamayya,2014402,Madanapalle SDPO,2014211,Madanapalle Rural Circle,2014027,Mudiveedu
2058,Annamayya,2014402,Madanapalle SDPO,2014211,Madanapalle Rural Circle,2014032,Nimmanapalle
2058,Annamayya,2014402,Madanapalle SDPO,2014211,Madanapalle Rural Circle,2014075,Ramasamudram
2058,Annamayya,2014402,Madanapalle SDPO,2014214,Molakalacheruvu Circle,2014028,Mulakalacheruvu
2058,Annamayya,2014402,Madanapalle SDPO,2014214,Molakalacheruvu Circle,2014040,P.T.Samudram (PTM)
2058,Annamayya,2014402,Madanapalle SDPO,2016229,Chowdepalli Circle,2014052,Somala
2058,Annamayya,2014402,Madanapalle SDPO,2014214,Molakalacheruvu Circle,2014055,Thamballapalli
2058,Annamayya,2016406,Rayachoty SDPO,0,-,2014041,Piler UPS
2058,Annamayya,2016406,Rayachoty SDPO,0,-,2016079,Rayachoty Traffic
2058,Annamayya,2016406,Rayachoty SDPO,0,-,2016050,Rayachoty UPS
2058,Annamayya,2016406,Rayachoty SDPO,2014213,Voyalpadu Circle,2014014,Gurramkonda
2058,Annamayya,2016406,Rayachoty SDPO,2016226,Kalakada Circle,2014019,K.V.Palli
2058,Annamayya,2016406,Rayachoty SDPO,2016226,Kalakada Circle,2014017,Kalakada
2058,Annamayya,2016406,Rayachoty SDPO,2016211,Lakkireddipalli Circle,2016015,Galiveedu
2058,Annamayya,2016406,Rayachoty SDPO,2016211,Lakkireddipalli Circle,2016028,Lakkireddipalli
2058,Annamayya,2016406,Rayachoty SDPO,2016211,Lakkireddipalli Circle,2016051,Ramapuram
2065,Annamayya EXCISE,2065400,RAYACHOTY EXCISE,0,-,2065004,Rayachoty  EXCISE
2065,Annamayya EXCISE,2065401,MADANAPALLI EXCISE,0,-,2065006,Vayalpad EXCISE
2065,Annamayya EXCISE,2065401,MADANAPALLI EXCISE,0,-,2065008,Molakalacheruvu EXCISE
2065,Annamayya EXCISE,2065400,RAYACHOTY EXCISE,0,-,2065001,Kodur EXCISE
2065,Annamayya EXCISE,2065400,RAYACHOTY EXCISE,0,-,2065003,L.R.Palli  EXCISE
2065,Annamayya EXCISE,2065400,RAYACHOTY EXCISE,0,-,2065002,Rajampeta EXCISE
2065,Annamayya EXCISE,2065401,MADANAPALLI EXCISE,0,-,2065007,Madanapalli EXCISE
2065,Annamayya EXCISE,2065401,MADANAPALLI EXCISE,0,-,2065005,Piler EXCISE
2019,Bapatla,2019400,Bapatla SDPO,0,-,2019007,Bapatla Town UPS
2019,Bapatla,2019400,Bapatla SDPO,0,-,2019006,Bapatla Rural UPS
2019,Bapatla,2019409,Repalle SDPO,2019225,Vemuru Circle,2019085,Vemuru
2019,Bapatla,2019409,Repalle SDPO,2019217,Tsunduru Circle,2019071,T. Sundur
2019,Bapatla,2019409,Repalle SDPO,2019225,Vemuru Circle,2019029,Kolluru
2019,Bapatla,2019409,Repalle SDPO,2019225,Vemuru Circle,2019008,Bhattiprole
2019,Bapatla,2019409,Repalle SDPO,2019217,Tsunduru Circle,2019005,Amruthalur
2019,Bapatla,2019409,Repalle SDPO,2019202,Repalle Rural Circle,2019070,T. Sodayapalem
2019,Bapatla,2019400,Bapatla SDPO,2019200,Bapatla Rural Circle,2019079,Karlapalem
2019,Bapatla,2019400,Bapatla SDPO,2019200,Bapatla Rural Circle,2019069,T. Sandole
2019,Bapatla,2019400,Bapatla SDPO,2019200,Bapatla Rural Circle,2019073,Vedullapalli
2019,Bapatla,2019400,Bapatla SDPO,0,-,2033042,Martur UPS
2019,Bapatla,2019400,Bapatla SDPO,2019221,Martur Circle,2033062,Parchur
2019,Bapatla,2019400,Bapatla SDPO,2019221,Martur Circle,2033096,Yaddanapudi
2019,Bapatla,2033400,Chirala SDPO,0,-,2033009,Chirala I Town UPS
2019,Bapatla,2033400,Chirala SDPO,0,-,2033014,Chirala II Town UPS
2019,Bapatla,2033400,Chirala SDPO,2033221,Chirala Rural Circle,2033012,Chirala Rural (Epurupalem)
2019,Bapatla,2033400,Chirala SDPO,2033221,Chirala Rural Circle,2033089,Vetapalem
2019,Bapatla,2033400,Chirala SDPO,2033201,Inkollu Circle,2033013,Chinaganjam
2019,Bapatla,2033400,Chirala SDPO,2033201,Inkollu Circle,2033027,Inkollu
2019,Bapatla,2033400,Chirala SDPO,2033201,Inkollu Circle,2033031,Karamchedu
2019,Bapatla,2019409,Repalle SDPO,0,-,2019058,Repalle UPS
2019,Bapatla,2019409,Repalle SDPO,2019202,Repalle Rural Circle,2019001,Adavuladeevi
2019,Bapatla,2019409,Repalle SDPO,2019202,Repalle Rural Circle,2019012,Cherukupalli
2019,Bapatla,2019409,Repalle SDPO,2019202,Repalle Rural Circle,2019082,Nagaram
2019,Bapatla,2019409,Repalle SDPO,2019202,Repalle Rural Circle,2019083,Nizampatnam
2069,Bapatla EXCISE,2069400,Bapatla EXCISE,0,-,2069007,Chirala EXCISE
2069,Bapatla EXCISE,2069400,Bapatla EXCISE,0,-,2069005,Nagaram EXCISE
2069,Bapatla EXCISE,2069400,Bapatla EXCISE,0,-,2069004,Repalle EXCISE
2069,Bapatla EXCISE,2069400,Bapatla EXCISE,0,-,2069003,Bapatla EXCISE
2069,Bapatla EXCISE,2069400,Bapatla EXCISE,0,-,2069001,Vemuru EXCISE
2069,Bapatla EXCISE,2069400,Bapatla EXCISE,0,-,2069006,Parchur EXCISE
2069,Bapatla EXCISE,2069400,Bapatla EXCISE,0,-,2069002,Addanki EXCISE
2050,C I D,0,-,0,-,2050002,Cyber Crime 
2050,C I D,0,-,0,-,2050001,CID Police Station
2014,Chittoor,2014401,Palamaner SDPO,2014244,V.Kota Urban Circle,2014064,V.Kota UPS
2014,Chittoor,2014413,Kuppam SDPO,2014209,Kuppam Rural Circle,2014069,Gudipalli
2014,Chittoor,2014413,Kuppam SDPO,2014209,Kuppam Rural Circle,2014046,Rallabudugur
2014,Chittoor,2014413,Kuppam SDPO,2014209,Kuppam Rural Circle,2014048,Ramakuppam
2014,Chittoor,2014401,Palamaner SDPO,2014207,Palamaner Rural Cricle,2014007,Baireddypalle
2014,Chittoor,2014401,Palamaner SDPO,2014253,Gangavaram Urban Circle,2014067,Gangavaram UPS
2014,Chittoor,2014401,Palamaner SDPO,2014207,Palamaner Rural Cricle,2014039,Panjani
2014,Chittoor,2014412,CCS Chittoor Urban SDPO,2014247,CCS Chittoor Urban Circle,2014094,CCS Chittoor UPS
2014,Chittoor,2014410,Chittoor Traffic Urban SDPO,2014248,Chittoor Traffic Urban Circle,2014084,Chittoor Traffic UPS
2014,Chittoor,2014411,Chittoor Mahila Urban SDPO,2014249,Chittoor Mahila Urban Circle,2014093,"Mahila UPS, Chittoor"
2014,Chittoor,2014400,Chittoor SDPO,2014246,Chittoor I Town Urban Circle,2014012,Chittoor I Town UPS
2014,Chittoor,2014400,Chittoor SDPO,2014245,Chittoor II Town Urban Circle,2014013,Chittoor II Town UPS
2014,Chittoor,2014400,Chittoor SDPO,2014201,Chittoor Rural East Circle,2014011,Chittoor Taluk PS
2014,Chittoor,2014400,Chittoor SDPO,2014251,G.D.Nellore Urban Circle,2014087,G.D.Nellore UPS
2014,Chittoor,2014400,Chittoor SDPO,2014201,Chittoor Rural East Circle,2014031,Narsingarayanipet(N.R.Pet)
2014,Chittoor,2014400,Chittoor SDPO,2014201,Chittoor Rural East Circle,2014072,Penumur
2014,Chittoor,2014400,Chittoor SDPO,2014202,Chittoor Rural West Circle,2014068,Gudipala
2014,Chittoor,2014400,Chittoor SDPO,2014202,Chittoor Rural West Circle,2014097,Kanipakam
2014,Chittoor,2014400,Chittoor SDPO,2014202,Chittoor Rural West Circle,2014078,Thavanampalle
2014,Chittoor,2014400,Chittoor SDPO,2014202,Chittoor Rural West Circle,2014082,Yadamari
2014,Chittoor,2014400,Chittoor SDPO,2014239,Kallur Circle,2014070,Irala
2014,Chittoor,2014400,Chittoor SDPO,2014239,Kallur Circle,2014050,Kallur
2014,Chittoor,2014400,Chittoor SDPO,2014252,Puthalapattu Urban Circle,2014043,Puthalapattu UPS
2014,Chittoor,2014400,Chittoor SDPO,2014239,Kallur Circle,2014076,Rompicherla
2014,Chittoor,2014409,Nagari SDPO,2014250,Nagari Urban Circle,2014030,Nagari UPS
2014,Chittoor,2014409,Nagari SDPO,2014205,K.Nagar Circle,2014020,K. Nagar
2014,Chittoor,2014409,Nagari SDPO,2014205,K.Nagar Circle,2014045,Palasamudram
2014,Chittoor,2014409,Nagari SDPO,2014205,K.Nagar Circle,2014077,S.R.Puram
2014,Chittoor,2014409,Nagari SDPO,2014205,K.Nagar Circle,2014080,Vedurukuppam
2014,Chittoor,2014409,Nagari SDPO,2014206,Nagari Rural Circle,2014033,Nindra
2014,Chittoor,2014409,Nagari SDPO,2014206,Nagari Rural Circle,2014081,Vijayapuram
2014,Chittoor,2014401,Palamaner SDPO,2014240,Bangarupalem Urban Circle,2014026,Bangarupalem UPS
2014,Chittoor,2014413,Kuppam SDPO,2014241,Kuppam Urban Circle,2014021,Kuppam UPS
2014,Chittoor,2014401,Palamaner SDPO,2014243,Palamaner Urban Circle,2014036,Palamaner UPS
2070,Chittoor  EXCISE,2070400,Chittoor  EXCISE,0,-,2070001,Kuppam EXCISE
2070,Chittoor  EXCISE,2070400,Chittoor  EXCISE,0,-,2070006,Chittoor Rural EXCISE
2070,Chittoor  EXCISE,2070400,Chittoor  EXCISE,0,-,2070004,Karvetinagaram EXCISE
2070,Chittoor  EXCISE,2070400,Chittoor  EXCISE,0,-,2070003,Punganur EXCISE
2070,Chittoor  EXCISE,2070400,Chittoor  EXCISE,0,-,2070008,Palamaner EXCISE
2070,Chittoor  EXCISE,2070400,Chittoor  EXCISE,0,-,2070005,Pulicherla EXCISE
2070,Chittoor  EXCISE,2070400,Chittoor  EXCISE,0,-,2070007,Chittoor Urban EXCISE
2070,Chittoor  EXCISE,2070400,Chittoor  EXCISE,0,-,2070002,Nagari EXCISE
2056,Coastal Security Police,2056401,North SDPO,0,-,2017105,Antharvedipalem Marine
2056,Coastal Security Police,2056402,South SDPO,0,-,2056005,Suryalanka Marine
2056,Coastal Security Police,2056401,North SDPO,0,-,2017104,Vodalarevu Marine
2056,Coastal Security Police,2056401,North SDPO,0,-,2034093,Baruva Marine
2056,Coastal Security Police,2056401,North SDPO,0,-,2034092,Bhavanapadu Marine
2056,Coastal Security Police,2056401,North SDPO,0,-,2037074,Chinthapalli Marine
2056,Coastal Security Police,2056401,North SDPO,0,-,2034091,Kalingapatnam Marine
2056,Coastal Security Police,2056401,North SDPO,0,-,2056004,Pentakota Marine
2056,Coastal Security Police,2056401,North SDPO,0,-,2056001,Port Marine
2056,Coastal Security Police,2056401,North SDPO,0,-,2056003,Pudimadaka Marine
2056,Coastal Security Police,2056401,North SDPO,0,-,2056002,Rushikonda Marine
2056,Coastal Security Police,2056401,North SDPO,0,-,2017074,Vakalapudi Marine
2056,Coastal Security Police,2056402,South SDPO,0,-,2031010,Dugarajapatnam Marine
2056,Coastal Security Police,2056402,South SDPO,0,-,2026072,Gilakaladindi Marine
2056,Coastal Security Police,2056402,South SDPO,0,-,2056007,Isukapalli Marine
2056,Coastal Security Police,2056402,South SDPO,0,-,2056006,Nizampatnam Marine
2056,Coastal Security Police,2056402,South SDPO,0,-,2026075,Orlagonditippa Marine
2056,Coastal Security Police,2056402,South SDPO,0,-,2026074,Palakayatippa Marine
2056,Coastal Security Police,2056402,South SDPO,0,-,2033100,Ramayapatnam Marine
2056,Coastal Security Police,2056402,South SDPO,0,-,2031078,Sriharikota Marine
2056,Coastal Security Police,2056402,South SDPO,0,-,2033099,Kothapatnam Marine
2060,Dr. B R Ambedkar Konaseema,2017401,Amalapuram SDPO,0,-,2017004,Amalapuram Town UPS
2060,Dr. B R Ambedkar Konaseema,2017401,Amalapuram SDPO,2017203,Amalapuram Rural Circle,2017009,Allavaram
2060,Dr. B R Ambedkar Konaseema,2017404,Ramachandrapuram SDPO,2017213,Ramachandrapuram Circle,2017057,Ramachandrapuram
2060,Dr. B R Ambedkar Konaseema,2017404,Ramachandrapuram SDPO,2017213,Ramachandrapuram Circle,2017051,Pamarru
2060,Dr. B R Ambedkar Konaseema,2017404,Ramachandrapuram SDPO,2017213,Ramachandrapuram Circle,2017021,Draksharama
2060,Dr. B R Ambedkar Konaseema,2060401,Kothapeta SDPO,2017205,Razole Circle,2017066,Sakhinetipalli
2060,Dr. B R Ambedkar Konaseema,2060401,Kothapeta SDPO,2017205,Razole Circle,2017060,Razole
2060,Dr. B R Ambedkar Konaseema,2017401,Amalapuram SDPO,2017203,Amalapuram Rural Circle,2017003,Amalapuram Rural
2060,Dr. B R Ambedkar Konaseema,2017401,Amalapuram SDPO,2017203,Amalapuram Rural Circle,2017072,Uppalaguptam
2060,Dr. B R Ambedkar Konaseema,2017401,Amalapuram SDPO,2017204,Mummidivaram Circle,2017080,I. Polavaram
2060,Dr. B R Ambedkar Konaseema,2017401,Amalapuram SDPO,2017204,Mummidivaram Circle,2017036,Katrenikona
2060,Dr. B R Ambedkar Konaseema,2017401,Amalapuram SDPO,2017204,Mummidivaram Circle,2017042,Mummidivaram
2060,Dr. B R Ambedkar Konaseema,2060401,Kothapeta SDPO,2060201,P.Gannavaram Circle,2017005,Ambajipeta
2060,Dr. B R Ambedkar Konaseema,2060401,Kothapeta SDPO,2060201,P.Gannavaram Circle,2017011,Inavilli
2060,Dr. B R Ambedkar Konaseema,2060401,Kothapeta SDPO,2060201,P.Gannavaram Circle,2017044,Nagaram
2060,Dr. B R Ambedkar Konaseema,2060401,Kothapeta SDPO,2060201,P.Gannavaram Circle,2017050,P.Gannavaram
2060,Dr. B R Ambedkar Konaseema,2060401,Kothapeta SDPO,2017206,Ravulapalem Circle,2017002,Alamuru
2060,Dr. B R Ambedkar Konaseema,2060401,Kothapeta SDPO,2017206,Ravulapalem Circle,2017010,Athreyapuram
2060,Dr. B R Ambedkar Konaseema,2060401,Kothapeta SDPO,2017206,Ravulapalem Circle,2017037,Kothapeta
2060,Dr. B R Ambedkar Konaseema,2060401,Kothapeta SDPO,2017206,Ravulapalem Circle,2017059,Ravulapalem
2060,Dr. B R Ambedkar Konaseema,2060401,Kothapeta SDPO,2017205,Razole Circle,2017040,Malkipuram
2078,Dr. B R Ambedkar Konaseema EXCISE,2078400,Amalapuram EXCISE,0,-,2078005,Mummidivaram EXCISE
2078,Dr. B R Ambedkar Konaseema EXCISE,2078400,Amalapuram EXCISE,0,-,2078006, Kothapeta EXCISE
2078,Dr. B R Ambedkar Konaseema EXCISE,2078400,Amalapuram EXCISE,0,-,2078002,Alamuru EXCISE
2078,Dr. B R Ambedkar Konaseema EXCISE,2078400,Amalapuram EXCISE,0,-,2078001,Razole EXCISE
2078,Dr. B R Ambedkar Konaseema EXCISE,2078400,Amalapuram EXCISE,0,-,2078004,Amalapuram EXCISE
2078,Dr. B R Ambedkar Konaseema EXCISE,2078400,Amalapuram EXCISE,0,-,2078003,Ramachandrapuram EXCISE
2051,Eagle,0,-,0,-,2051001,Narcotics
2042,East Godavari,2042409,East Zone,2017214,Anaparthi Circle,2017062,Rangampeta
2042,East Godavari,2042410,South Zone,0,-,2042038,Kadiam UPS
2042,East Godavari,2042410,South Zone,0,-,2042020,Dowaleswaram UPS
2042,East Godavari,2042407,Rajahmundry Crimes,0,-,2042099,CCS - IV
2042,East Godavari,2042407,Rajahmundry Crimes,0,-,2042096,CCS - III
2042,East Godavari,2042407,Rajahmundry Crimes,0,-,2042095,CCS - II
2042,East Godavari,2042411,North Zone,2042212,Korukonda Circle,2042067,Seethanagaram
2042,East Godavari,2042409,East Zone,0,-,2017041,Mandapeta Town UPS
2042,East Godavari,2042409,East Zone,2017215,Mandapeta Rural Circle,2017007,Angara
2042,East Godavari,2042409,East Zone,2017215,Mandapeta Rural Circle,2017097,Mandapeta Rural
2042,East Godavari,2042409,East Zone,2017215,Mandapeta Rural Circle,2017063,Rayavaram
2042,East Godavari,2042407,Rajahmundry Crimes,0,-,2042094,CCS - I
2042,East Godavari,0,-,0,-,2042097,"Mahila UPS, East Godavari"
2042,East Godavari,0,-,0,-,2042068,"Traffic UPS, East Godavari"
2042,East Godavari,2042412,Central Zone,0,-,2042076,Prakash Nagar UPS
2042,East Godavari,2042412,Central Zone,0,-,2042052,Rajahmundry I Town UPS
2042,East Godavari,2042412,Central Zone,0,-,2042054,Rajahmundry III Town UPS
2042,East Godavari,2042410,South Zone,0,-,2042013,Bommuru UPS
2042,East Godavari,2042409,East Zone,2017214,Anaparthi Circle,2017006,Anaparthi
2042,East Godavari,2042409,East Zone,2017214,Anaparthi Circle,2017012,Biccavole
2042,East Godavari,2042410,South Zone,0,-,2042053,Rajahmundry II Town UPS
2042,East Godavari,2018402,Kovvur SDPO,0,-,2018024,Kovvur Town
2042,East Godavari,2018402,Kovvur SDPO,0,-,2018067,Nallajerla UPS
2042,East Godavari,2018402,Kovvur SDPO,2017227,Devarapalli Circle,2018051,Devarapalli
2042,East Godavari,2018402,Kovvur SDPO,2017227,Devarapalli Circle,2018021,Gopalapuram
2042,East Godavari,2018402,Kovvur SDPO,2017228,Kovvur Rural Circle,2018050,Chagallu
2042,East Godavari,2018402,Kovvur SDPO,2017228,Kovvur Rural Circle,2018062,Kovvur Rural
2042,East Godavari,2018402,Kovvur SDPO,2017228,Kovvur Rural Circle,2018046,Tallapudi
2042,East Godavari,2018402,Kovvur SDPO,2018210,Nidadavole Circle,2018032,Nidadavole Town
2042,East Godavari,2018402,Kovvur SDPO,2018210,Nidadavole Circle,2018057,Peravalli
2042,East Godavari,2018402,Kovvur SDPO,2018210,Nidadavole Circle,2018063,Samisrigudem
2042,East Godavari,2018402,Kovvur SDPO,2018210,Nidadavole Circle,2018060,Undrajavaram
2042,East Godavari,2042411,North Zone,0,-,2042055,Rajanagaram UPS
2042,East Godavari,2042411,North Zone,2042212,Korukonda Circle,2042098,Airport PS
2042,East Godavari,2042411,North Zone,2042212,Korukonda Circle,2042026,Gokavaram
2042,East Godavari,2042411,North Zone,2042212,Korukonda Circle,2042083,Korukonda
2071,East Godavari EXCISE,2071400,EAST GODAVARI EXCISE,0,-,2071006,Rajamahendravaram (North) EXCISE
2071,East Godavari EXCISE,2071400,EAST GODAVARI EXCISE,0,-,2071007,Rangampeta EXCISE
2071,East Godavari EXCISE,2071400,EAST GODAVARI EXCISE,0,-,2071003,Nidadavolu EXCISE
2071,East Godavari EXCISE,2071400,EAST GODAVARI EXCISE,0,-,2071005,Devarapalli EXCISE
2071,East Godavari EXCISE,2071400,EAST GODAVARI EXCISE,0,-,2071001,Kovvuru EXCISE
2071,East Godavari EXCISE,2071400,EAST GODAVARI EXCISE,0,-,2071002,Korukonda EXCISE
2071,East Godavari EXCISE,2071400,EAST GODAVARI EXCISE,0,-,2071004,Rajamahendravaram (South) EXCISE
2059,Eluru,2026404,Nuzvid SDPO,2059203,Pedavegi Circle,2018014,Denduluru
2059,Eluru,2026404,Nuzvid SDPO,2059203,Pedavegi Circle,2018055,Pedavegi
2059,Eluru,2026404,Nuzvid SDPO,2059203,Pedavegi Circle,2018036,Pedapadu
2059,Eluru,2018404,Polavaram SDPO,2059202,Jeelugumilli Circle,2018049,Buttaigudem
2059,Eluru,2018404,Polavaram SDPO,2059202,Jeelugumilli Circle,2018023,Jeelugumilli
2059,Eluru,2018404,Polavaram SDPO,2059202,Jeelugumilli Circle,2018045,T.Narasapuram
2059,Eluru,2018404,Polavaram SDPO,2018216,Kukunoor Circle,2018069,Kukunoor
2059,Eluru,2018404,Polavaram SDPO,2018216,Kukunoor Circle,2018068,Velerupadu
2059,Eluru,2018404,Polavaram SDPO,2018205,Polavaram Circle,2018025,Koyyalagudem
2059,Eluru,2018404,Polavaram SDPO,2018205,Polavaram Circle,2018038,Polavaram
2059,Eluru,0,-,0,-,2018065,"CCS , Eluru"
2059,Eluru,0,-,0,-,2018005,"Mahila UPS, Eluru"
2059,Eluru,0,-,0,-,2018066,Eluru Traffic
2059,Eluru,2018400,Eluru SDPO,0,-,2018016,Eluru I Town
2059,Eluru,2018400,Eluru SDPO,0,-,2018017,Eluru II Town
2059,Eluru,2018400,Eluru SDPO,0,-,2018018,Eluru III Town
2059,Eluru,2018400,Eluru SDPO,0,-,2026020,Kaikaluru Town
2059,Eluru,2018400,Eluru SDPO,2018202,Bhimadole Circle,2018006,Bhimadole
2059,Eluru,2018400,Eluru SDPO,2018202,Bhimadole Circle,2018052,Dwaraka Tirumala
2059,Eluru,2018400,Eluru SDPO,2059204,Eluru I Town UPS,2018015,Eluru Rural
2059,Eluru,2018400,Eluru SDPO,2018203,Nidamarru Circle,2018010,Chebrole
2059,Eluru,2018400,Eluru SDPO,2018203,Nidamarru Circle,2018020,Ganapavaram
2059,Eluru,2018400,Eluru SDPO,2018203,Nidamarru Circle,2018054,Nidamarru
2059,Eluru,2018400,Eluru SDPO,2059201,Kaikaluru Rural Circle,2026019,Kaikaluru Rural
2059,Eluru,2018400,Eluru SDPO,2059201,Kaikaluru Rural Circle,2026021,Kalidindi
2059,Eluru,2018400,Eluru SDPO,2059201,Kaikaluru Rural Circle,2026065,Mandavalli
2059,Eluru,2018400,Eluru SDPO,2059201,Kaikaluru Rural Circle,2026030,Mudinepalli
2059,Eluru,2018401,Jangareddygudem SDPO,2018206,Chintalapudi Circle,2018011,Chintalapudi
2059,Eluru,2018401,Jangareddygudem SDPO,2018206,Chintalapudi Circle,2018013,Dharmajigudem
2059,Eluru,2018401,Jangareddygudem SDPO,2018204,Jangareddygudem Circle,2018022,Jangareddygudem
2059,Eluru,2018401,Jangareddygudem SDPO,2018204,Jangareddygudem Circle,2018073,Jangareddygudem Traffic
2059,Eluru,2018401,Jangareddygudem SDPO,2018204,Jangareddygudem Circle,2018027,Lakkavaram
2059,Eluru,2018401,Jangareddygudem SDPO,2018204,Jangareddygudem Circle,2018042,Tadikalapudi
2059,Eluru,2026404,Nuzvid SDPO,0,-,2026034,Nuzvid Town
2059,Eluru,2026404,Nuzvid SDPO,2026212,Nuzvid Rural Circle,2026003,Agiripalli
2059,Eluru,2026404,Nuzvid SDPO,2026212,Nuzvid Rural Circle,2026009,Chatrai
2059,Eluru,2026404,Nuzvid SDPO,2026212,Nuzvid Rural Circle,2026028,Musunuru
2059,Eluru,2026404,Nuzvid SDPO,2026212,Nuzvid Rural Circle,2026035,Nuzvid Rural
2040,GRP Guntakal,2040402,Tirupati SDPO,2040203,Renigunta Rly. Circle,2040005,Chittoor
2040,GRP Guntakal,2040402,Tirupati SDPO,2040203,Renigunta Rly. Circle,2040035,Renigunta
2040,GRP Guntakal,2040402,Tirupati SDPO,2040204,Thirupathi Circle,2040041,Thirupathi
2040,GRP Guntakal,2040400,Guntakal SDPO,2040201,Dharmavaram Rly. Circle,2040002,Anantapur
2040,GRP Guntakal,2040400,Guntakal SDPO,2040201,Dharmavaram Rly. Circle,2040008,Dharmavaram
2040,GRP Guntakal,2040400,Guntakal SDPO,2040201,Dharmavaram Rly. Circle,2040018,Hindupur
2040,GRP Guntakal,2040400,Guntakal SDPO,2040201,Dharmavaram Rly. Circle,2040022,Kadiri
2040,GRP Guntakal,2040400,Guntakal SDPO,2040200,Guntakal Circle,2040001,Adoni
2040,GRP Guntakal,2040400,Guntakal SDPO,2040200,Guntakal Circle,2040014,Gooty
2040,GRP Guntakal,2040400,Guntakal SDPO,2040200,Guntakal Circle,2040016,Guntakal
2040,GRP Guntakal,2040400,Guntakal SDPO,2040205,Kurnool R.P.Circle,2040023,Kurnool
2040,GRP Guntakal,2040400,Guntakal SDPO,2040205,Kurnool R.P.Circle,2040028,Nandyal
2040,GRP Guntakal,2040401,Nellore SDPO,2040202,Nellore Circle,2040015,Gudur
2040,GRP Guntakal,2040401,Nellore SDPO,2040202,Nellore Circle,2040004,Kavali
2040,GRP Guntakal,2040401,Nellore SDPO,2040202,Nellore Circle,2040029,Nellore
2040,GRP Guntakal,2040401,Nellore SDPO,2040207,Ongole  R.P.Circle,2040007,Chirala
2040,GRP Guntakal,2040401,Nellore SDPO,2040207,Ongole  R.P.Circle,2040030,Ongole
2040,GRP Guntakal,2040402,Tirupati SDPO,2040206,Kadapa  R.P. Cricle,2040006,Kadapa
2040,GRP Guntakal,2040402,Tirupati SDPO,2040206,Kadapa  R.P. Cricle,2040042,Yerraguntla
2021,GRP Vijayawada,2021401,VIsakhapatnam RP SDPO,2021203,VIsakhapatnam RLY Circle,2021043,Vizianagaram
2021,GRP Vijayawada,2021402,Rajahmundry RP SDPO,2021204,Kakinada RLY Circle,2021038,Tuni
2021,GRP Vijayawada,2021401,VIsakhapatnam RP SDPO,0,-,2021045,Visakhapatnam
2021,GRP Vijayawada,2021400,VIjayawada RP SDPO,2021200,VIjayawada RLY Circle,2021039,Gudiwada
2021,GRP Vijayawada,2021400,VIjayawada RP SDPO,2021200,VIjayawada RLY Circle,2021012,Eluru
2021,GRP Vijayawada,2021400,VIjayawada RP SDPO,0,-,2021042,Vijayawada
2021,GRP Vijayawada,2021403,Guntur RP SDPO,0,-,2021017,Guntur
2021,GRP Vijayawada,2021403,Guntur RP SDPO,2021201,Guntur RLY Circle,2021011,Nadikudi
2021,GRP Vijayawada,2021403,Guntur RP SDPO,2021201,Guntur RLY Circle,2021009,Narasaraopet
2021,GRP Vijayawada,2021403,Guntur RP SDPO,2021201,Guntur RLY Circle,2021040,Tenali
2021,GRP Vijayawada,2021402,Rajahmundry RP SDPO,0,-,2021034,Rajahmundry
2021,GRP Vijayawada,2021402,Rajahmundry RP SDPO,2021205,Bhimavaram RLY Circle,2021003,Bhimavaram
2021,GRP Vijayawada,2021402,Rajahmundry RP SDPO,2021205,Bhimavaram RLY Circle,2021028,Tadepalligudem
2021,GRP Vijayawada,2021402,Rajahmundry RP SDPO,2021204,Kakinada RLY Circle,2021036,Samalkot
2021,GRP Vijayawada,2021401,VIsakhapatnam RP SDPO,2021203,VIsakhapatnam RLY Circle,2021032,Palasa
2043,Guntur,2043401,East Sub Division,0,-,2043044,Old guntur
2043,Guntur,2043402,West Sub Division,0,-,2043038,Nagarampalem
2043,Guntur,2043402,West Sub Division,0,-,2043003,Arundalpet
2043,Guntur,2019407,Thulluru SDPO,0,-,2019051,Phirangipuram PS
2043,Guntur,2019407,Thulluru SDPO,0,-,2019072,Thulluru
2043,Guntur,2019407,Thulluru SDPO,0,-,2019096,Thulluru Traffic
2043,Guntur,0,-,0,-,2043091,"CCS , Guntur"
2043,Guntur,0,-,0,-,2043015,"Mahila UPS, Guntur"
2043,Guntur,0,-,0,-,2043021,Guntur Traffic
2043,Guntur,2043401,East Sub Division,0,-,2043030,Kothapet
2043,Guntur,2043401,East Sub Division,0,-,2043032,Lalapet
2043,Guntur,2043402,West Sub Division,0,-,2043048,Pattabhipuram
2043,Guntur,2043403,North Sub Division,0,-,2043035,Mangalagiri Town
2043,Guntur,2043403,North Sub Division,0,-,2043055,Pedakakani
2043,Guntur,2043403,North Sub Division,0,-,2043064,Tadepalli
2043,Guntur,2043403,North Sub Division,2043220,Mangalagiri Rural Circle,2019018,Duggirala
2043,Guntur,2043403,North Sub Division,2043220,Mangalagiri Rural Circle,2043086,Mangalagiri Rural
2043,Guntur,2043404,South Sub Division,0,-,2043020,Nallapadu
2043,Guntur,2043404,South Sub Division,2043224,Prathipadu Circle,2019031,Kakumanu
2043,Guntur,2043404,South Sub Division,2043224,Prathipadu Circle,2019050,Pedanandipadu
2043,Guntur,2043404,South Sub Division,2043224,Prathipadu Circle,2043054,Prathipadu
2043,Guntur,2043404,South Sub Division,0,-,2043084,Vatticherukuru
2043,Guntur,2019406,Tenali SDPO,0,-,2019053,Ponnur Town
2043,Guntur,2019406,Tenali SDPO,0,-,2019067,Tenali I Town
2043,Guntur,2019406,Tenali SDPO,0,-,2019068,Tenali II Town
2043,Guntur,2019406,Tenali SDPO,0,-,2019087,Tenali III Town
2043,Guntur,2019406,Tenali SDPO,2019201,Ponnur Rural Circle,2043011,Chebrolu
2043,Guntur,2019406,Tenali SDPO,2019201,Ponnur Rural Circle,2019047,Ponnur Rural
2043,Guntur,2019406,Tenali SDPO,2019215,Tenali Rural Circle,2019028,Kollipara
2043,Guntur,2019406,Tenali SDPO,2019215,Tenali Rural Circle,2019066,Tenali Rural
2043,Guntur,2019407,Thulluru SDPO,0,-,2043037,Medikonduru
2043,Guntur,2019407,Thulluru SDPO,0,-,2043065,Tadikonda
2055,Intelligence  Unit,2055401,IGP Int,2055201,SP CI Cell,2055001,CI Cell PS
2017,Kakinada,2017411,Kakinada Crimes,0,,2017094,Kakinada CCS
2017,Kakinada,2017402,Peddapuram SDPO,2017209,Prathipadu Circle,2017095,Rowthulapudi
2017,Kakinada,0,-,0,-,2017017,"Mahila UPS, Kakinada"
2017,Kakinada,0,-,0,-,2017045,Kakinada Traffic I
2017,Kakinada,0,-,0,-,2017075,Kakinada Traffic II
2017,Kakinada,2017411,Kakinada Crimes,0,-,2017081,Kakinada I Town CCS
2017,Kakinada,2017411,Kakinada Crimes,0,-,2017088,Kakinada II Town CCS
2017,Kakinada,2017411,Kakinada Crimes,0,-,2017093,Kakinada III Town CCS
2017,Kakinada,2017400,Kakinada SDPO,0,-,2017033,Kakinada I Town
2017,Kakinada,2017400,Kakinada SDPO,0,-,2017034,Kakinada II Town
2017,Kakinada,2017400,Kakinada SDPO,0,-,2017035,Kakinada III Town
2017,Kakinada,2017400,Kakinada SDPO,0,-,2017031,Kakinada Port
2017,Kakinada,2017400,Kakinada SDPO,0,-,2017065,Sarpavaram
2017,Kakinada,2017400,Kakinada SDPO,2017201,Kakinada Rural Circle,2017016,Coringa
2017,Kakinada,2017400,Kakinada SDPO,2017201,Kakinada Rural Circle,2017025,Gollapalem
2017,Kakinada,2017400,Kakinada SDPO,2017201,Kakinada Rural Circle,2017091,Indrapalem
2017,Kakinada,2017400,Kakinada SDPO,2017201,Kakinada Rural Circle,2017039,Karapa
2017,Kakinada,2017400,Kakinada SDPO,2017201,Kakinada Rural Circle,2017086,Pedapudi
2017,Kakinada,2017400,Kakinada SDPO,2017201,Kakinada Rural Circle,2017089,Thimmapuram
2017,Kakinada,2017400,Kakinada SDPO,2017202,Pithapuram Circle,2017029,Gollaprole
2017,Kakinada,2017400,Kakinada SDPO,2017202,Pithapuram Circle,2017048,Pithapuram Rural
2017,Kakinada,2017400,Kakinada SDPO,2017202,Pithapuram Circle,2017047,Pithapuram Town
2017,Kakinada,2017400,Kakinada SDPO,2017202,Pithapuram Circle,2017085,U. Kothapalli
2017,Kakinada,2017402,Peddapuram SDPO,0,-,2017064,Samalkot
2017,Kakinada,2017402,Peddapuram SDPO,0,-,2017070,Tuni Town
2017,Kakinada,2017402,Peddapuram SDPO,2017208,Jaggampeta Circle,2017027,Gandepalli
2017,Kakinada,2017402,Peddapuram SDPO,2017208,Jaggampeta Circle,2017030,Jaggampeta
2017,Kakinada,2017402,Peddapuram SDPO,2017208,Jaggampeta Circle,2017082,Kirlampudi
2017,Kakinada,2017402,Peddapuram SDPO,2017207,Peddapuram Circle,2017046,Peddapuram
2017,Kakinada,2017402,Peddapuram SDPO,2017209,Prathipadu Circle,2017008,Annavaram
2017,Kakinada,2017402,Peddapuram SDPO,2017209,Prathipadu Circle,2017087,Yeleswaram
2017,Kakinada,2017402,Peddapuram SDPO,2017209,Prathipadu Circle,2017049,Prathipadu
2017,Kakinada,2017402,Peddapuram SDPO,2017220,Tuni Rural Circle,2017084,Kotananduru
2017,Kakinada,2017402,Peddapuram SDPO,2017220,Tuni Rural Circle,2017071,Thondangi
2017,Kakinada,2017402,Peddapuram SDPO,2017220,Tuni Rural Circle,2017069,Tuni Rural
2026,Krishna,2026400,Avanigadda SDPO,2026201,Challapalli Circle,2026007,Challapalli
2026,Krishna,2026402,Gudivada SDPO,0,-,2026014,Gudivada II Town UPS
2026,Krishna,2026402,Gudivada SDPO,0,-,2026012,Gudivada I Town UPS
2026,Krishna,2026406,Gannavaram SDPO,2039200,Kankipadu Circle,2039068,Vuyyuru Rural
2026,Krishna,2026406,Gannavaram SDPO,2039200,Kankipadu Circle,2039023,Kankipadu
2026,Krishna,2026406,Gannavaram SDPO,2026210,Hanuman Junction Circle,2026048,Veeravalli
2026,Krishna,2026406,Gannavaram SDPO,2026210,Hanuman Junction Circle,2026016,Hanuman Junction
2026,Krishna,2026406,Gannavaram SDPO,2026210,Hanuman Junction Circle,2039091,Atkuru
2026,Krishna,2026402,Gudivada SDPO,2026204,Gudivada Rural Circle,2026011,Gudivada Rural
2026,Krishna,2026402,Gudivada SDPO,2026204,Gudivada Rural Circle,2026013,Gudlavalleru
2026,Krishna,2026402,Gudivada SDPO,2026204,Gudivada Rural Circle,2026066,Nandivada
2026,Krishna,2026402,Gudivada SDPO,2026207,Pamarru Circle,2026024,Kuchipudi
2026,Krishna,2026402,Gudivada SDPO,2026207,Pamarru Circle,2026036,Pamarru
2026,Krishna,2026402,Gudivada SDPO,2026207,Pamarru Circle,2026039,Pedaparupudi
2026,Krishna,2026402,Gudivada SDPO,2026216,Pamidimukkala Circle,2039039,Pamidimukkala
2026,Krishna,2026402,Gudivada SDPO,2026216,Pamidimukkala Circle,2039043,Thotlavalluru
2026,Krishna,0,-,0,-,2026071,Bandar Traffic
2026,Krishna,0,-,0,-,2026076,"CCS UPS, Gudivada"
2026,Krishna,0,-,0,-,2026070,"CCS UPS, Machilipatnam"
2026,Krishna,0,-,0,-,2026029,"Mahila UPS, Machilipatnam"
2026,Krishna,2026400,Avanigadda SDPO,2026200,Avanigadda Circle,2026001,Avanigadda
2026,Krishna,2026400,Avanigadda SDPO,2026200,Avanigadda Circle,2026025,Koduru
2026,Krishna,2026400,Avanigadda SDPO,2026200,Avanigadda Circle,2026032,Nagayalanka
2026,Krishna,2026402,Gudivada SDPO,2026217,Gudivada I Town UPS,2026062,Gudivada Traffic
2026,Krishna,2026400,Avanigadda SDPO,2026201,Challapalli Circle,2026063,Ghantasala
2026,Krishna,2026401,Bandar SDPO,0,-,2026008,Chilakalapudi UPS
2026,Krishna,2026401,Bandar SDPO,0,-,2026015,Inaguduru UPS
2026,Krishna,2026401,Bandar SDPO,0,-,2026040,Robertsonpet
2026,Krishna,2026401,Bandar SDPO,2026203,Bandar Rural Circle,2026005,Bantumilli
2026,Krishna,2026401,Bandar SDPO,2026203,Bandar Rural Circle,2026064,Guduru
2026,Krishna,2026401,Bandar SDPO,2026203,Bandar Rural Circle,2026027,Kruthivennu
2026,Krishna,2026401,Bandar SDPO,2026203,Bandar Rural Circle,2026037,Pedana
2026,Krishna,2026401,Bandar SDPO,2026218,Robertsonpet UPS,2026004,Bandar Taluk PS
2026,Krishna,2026401,Bandar SDPO,2026218,Robertsonpet UPS,2026073,Machilipatnam Town
2026,Krishna,2026406,Gannavaram SDPO,0,-,2039093,Gannavaram Traffic UPS
2026,Krishna,2026406,Gannavaram SDPO,0,-,2039010,Gannavaram UPS
2026,Krishna,2026406,Gannavaram SDPO,0,-,2039033,Penamaluru UPS
2026,Krishna,2026406,Gannavaram SDPO,0,-,2039060,Vuyyuru Town UPS
2026,Krishna,2026406,Gannavaram SDPO,2026215,Gannavaram UPS,2039047,Unguturu
2027,Kurnool,2027401,Adoni SDPO,0,-,2027002,Adoni I Town
2027,Kurnool,2027407,Yemmiganur SDPO,2027208,Yemmiganur Rural Circle,2027056,Nandavaram
2027,Kurnool,0,-,0,-,2027017,"Mahila UPS, Kurnool"
2027,Kurnool,0,-,0,-,2027096,"CCS , Kurnool"
2027,Kurnool,2027407,Yemmiganur SDPO,2027230,Yemmiganur Town UPS,2027095,Yemmiganur Traffic
2027,Kurnool,2027407,Yemmiganur SDPO,2027208,Yemmiganur Rural Circle,2027087,Yemmiganur Rural
2027,Kurnool,2027401,Adoni SDPO,0,-,2027003,Adoni II Town
2027,Kurnool,2027401,Adoni SDPO,0,-,2027077,Adoni III Town
2027,Kurnool,2027401,Adoni SDPO,0,-,2027078,Adoni Traffic
2027,Kurnool,2027401,Adoni SDPO,2027207,Adoni Rural Circle,2027001,Adoni Rural
2027,Kurnool,2027401,Adoni SDPO,2027207,Adoni Rural Circle,2027027,Isvi
2027,Kurnool,2027401,Adoni SDPO,2027207,Adoni Rural Circle,2027063,Peddathumbalam
2027,Kurnool,2027400,Kurnool SDPO,0,-,2027039,Kurnool I Town
2027,Kurnool,2027400,Kurnool SDPO,0,-,2027040,Kurnool II Town
2027,Kurnool,2027400,Kurnool SDPO,0,-,2027041,Kurnool III Town
2027,Kurnool,2027400,Kurnool SDPO,0,-,2027034,Kurnool IV Town
2027,Kurnool,2027400,Kurnool SDPO,0,-,2027038,Kurnool Taluk
2027,Kurnool,2027400,Kurnool SDPO,2027204,Kodumur Circle,2027012,C.Belgal
2027,Kurnool,2027400,Kurnool SDPO,2027204,Kodumur Circle,2027024,Gudur
2027,Kurnool,2027400,Kurnool SDPO,2027204,Kodumur Circle,2027031,Kodumur
2027,Kurnool,2027400,Kurnool SDPO,2027203,Kurnool Rural Circle,2027050,K.Nagalapuram
2027,Kurnool,2027400,Kurnool SDPO,2027203,Kurnool Rural Circle,2027082,Oravakal
2027,Kurnool,2027400,Kurnool SDPO,2027203,Kurnool Rural Circle,2027076,Ulindakonda
2027,Kurnool,2027406,Pathikonda SDPO,0,-,2027061,Pathikonda
2027,Kurnool,2027406,Pathikonda SDPO,2027209,Alur Circle,2027005,Alur
2027,Kurnool,2027406,Pathikonda SDPO,0,-,2027006,Aspari
2027,Kurnool,2027406,Pathikonda SDPO,2027209,Alur Circle,2027015,Chippagiri
2027,Kurnool,2027406,Pathikonda SDPO,2027209,Alur Circle,2027074,Halaharvi
2027,Kurnool,2027406,Pathikonda SDPO,2027209,Alur Circle,2027026,Holagunda
2027,Kurnool,2027406,Pathikonda SDPO,0,-,2027018,Devanakonda
2027,Kurnool,2027406,Pathikonda SDPO,2027223,Pathikonda Rural Circle,2027025,Jonnagiri
2027,Kurnool,2027406,Pathikonda SDPO,2027223,Pathikonda Rural Circle,2027045,Maddikera
2027,Kurnool,2027406,Pathikonda SDPO,2027223,Pathikonda Rural Circle,2027073,Tuggali
2027,Kurnool,2027406,Pathikonda SDPO,2027229,Veldurthy Circle,2027037,Krishnagiri
2027,Kurnool,2027406,Pathikonda SDPO,2027229,Veldurthy Circle,2027080,Veldurthi
2027,Kurnool,2027407,Yemmiganur SDPO,0,-,2027086,Yemmiganur Town
2027,Kurnool,2027407,Yemmiganur SDPO,2027210,Kosigi Circle,2027035,Kosigi
2027,Kurnool,2027407,Yemmiganur SDPO,0,-,2027036,Kowthalam
2027,Kurnool,2027407,Yemmiganur SDPO,2027210,Kosigi Circle,2027065,Peddakadubur
2027,Kurnool,2027407,Yemmiganur SDPO,2027228,Mantralayam Circle,2027046,Madhavaram
2027,Kurnool,2027407,Yemmiganur SDPO,2027228,Mantralayam Circle,2027090,Manthralayam
2027,Kurnool,2027407,Yemmiganur SDPO,0,-,2027023,Gonegandla
2027,Kurnool,0,-,0,-,2027042,Kurnool Traffic
2957,Markapuram,2033403,Markapuram SDPO,2033223,Tripuranthakam Circle,2033085,Tripuranthakam
2957,Markapuram,2033405,Kanigiri SDPO,2033203,Podili Circle,2033082,Tarlupadu (Tadivaripalli)
2957,Markapuram,2033405,Kanigiri SDPO,2033206,Kanigiri Circle,2033033,Kanigiri
2957,Markapuram,2033405,Kanigiri SDPO,2033206,Kanigiri Circle,2033067,Peddacherlopalli
2957,Markapuram,2033405,Kanigiri SDPO,2033207,Pamur Circle ,2033007,C.S.Puram
2957,Markapuram,2033405,Kanigiri SDPO,2033207,Pamur Circle ,2033061,Pamur
2957,Markapuram,2033405,Kanigiri SDPO,2033207,Pamur Circle ,2033088,Veligandla
2957,Markapuram,2033403,Markapuram SDPO,2033224,Cumbum Circle,2033002,Ardhaveedu
2957,Markapuram,2033403,Markapuram SDPO,2033224,Cumbum Circle,2033005,Besthavaripeta
2957,Markapuram,2033403,Markapuram SDPO,2033224,Cumbum Circle,2033011,Cumbum
2957,Markapuram,2033403,Markapuram SDPO,0,-,2033022,Giddalur UPS
2957,Markapuram,2033403,Markapuram SDPO,2033209,Giddalur Circle,2033034,Komarolu
2957,Markapuram,2033403,Markapuram SDPO,2033209,Giddalur Circle,2033070,Racherla
2957,Markapuram,2033403,Markapuram SDPO,2033208,Markapuram Circle,2033047,Markapur Rural
2957,Markapuram,2033403,Markapuram SDPO,2033208,Markapuram Circle,2033041,Markapur Town
2957,Markapuram,2033403,Markapuram SDPO,2033210,Yerragondapalem Circle,2033018,Dornala
2957,Markapuram,2033403,Markapuram SDPO,2033223,Tripuranthakam Circle,2033066,Peddaraveedu
2957,Markapuram,2033403,Markapuram SDPO,2033210,Yerragondapalem Circle,2033065,Pullala Cheruvu
2957,Markapuram,2033403,Markapuram SDPO,2033210,Yerragondapalem Circle,2033095,Yerragondapalem
2957,Markapuram,2033405,Kanigiri SDPO,2033203,Podili Circle,2033037,Konakanamitla
2957,Markapuram,2033405,Kanigiri SDPO,2033203,Podili Circle,2033063,Podili
2957,Markapuram,2033405,Kanigiri SDPO,2033206,Kanigiri Circle,2033024,Hanumanthunipadu
2039,NTR Commissionerate,0,-,2039204,Vijaywada CCS Circle,2039085,Krishnalanka-CRIME
2039,NTR Commissionerate,0,-,2039204,Vijaywada CCS Circle,2039086,Machavaram-CRIME
2039,NTR Commissionerate,0,-,2039204,Vijaywada CCS Circle,2039087,Patamata-CRIME
2039,NTR Commissionerate,0,-,2039204,Vijaywada CCS Circle,2039088,Vijayawada I Tn-CRIME
2039,NTR Commissionerate,0,-,2039204,Vijaywada CCS Circle,2039089,Vijayawada II Town-CRIME
2039,NTR Commissionerate,0,-,2039204,Vijaywada CCS Circle,2039090,Governorpet-CRIME
2039,NTR Commissionerate,0,-,2039204,Vijaywada CCS Circle,2039083,Suryaraopet-CRIME
2039,NTR Commissionerate,2039401,DCP Crimes,0,-,2039069,"CCS , Vijayawada"
2039,NTR Commissionerate,2039401,DCP Crimes,0,-,2039094,Cyber Crime
2039,NTR Commissionerate,2039402,DCP LO-1,0,-,2039059,"Mahila UPS, Vijayawada"
2039,NTR Commissionerate,2039402,DCP LO-1,2039302,VIjayawada Central Zone,2039095,Gunadala
2039,NTR Commissionerate,2039402,DCP LO-1,2039302,VIjayawada Central Zone,2039057,Machavaram
2039,NTR Commissionerate,2039402,DCP LO-1,2039302,VIjayawada Central Zone,2039058,Patamata
2039,NTR Commissionerate,2039403,DCP LO-2,2039305,VIjayawada North Zone,2039005,Ajith Singh Nagar
2039,NTR Commissionerate,2039403,DCP LO-2,2039305,VIjayawada North Zone,2039036,Nunna
2039,NTR Commissionerate,2039403,DCP LO-2,2039305,VIjayawada North Zone,2039055,Satyanarayanapuram
2039,NTR Commissionerate,2039402,DCP LO-1,2039304,VIjayawada South Zone,2039053,Governorpet
2039,NTR Commissionerate,2039402,DCP LO-1,2039304,VIjayawada South Zone,2039056,Krishnalanka
2039,NTR Commissionerate,2039402,DCP LO-1,2039304,VIjayawada South Zone,2039054,Suryaraopet
2039,NTR Commissionerate,2039403,DCP LO-2,2039301,VIjayawada West Zone,2039008,Bhavanipuram
2039,NTR Commissionerate,2039403,DCP LO-2,2039301,VIjayawada West Zone,2039016,Ibrahimpatnam
2039,NTR Commissionerate,2039403,DCP LO-2,2039301,VIjayawada West Zone,2039051,Vijayawada I Town
2039,NTR Commissionerate,2039403,DCP LO-2,2039301,VIjayawada West Zone,2039052,Vijayawada II Town
2039,NTR Commissionerate,2039400,DCP Traffic,2039303,VIjayawada Traffic Zone,2039061,Vijayawada Traffic I (T)
2039,NTR Commissionerate,2039400,DCP Traffic,2039303,VIjayawada Traffic Zone,2039062,Vijayawada Traffic II (T)
2039,NTR Commissionerate,2039400,DCP Traffic,2039303,VIjayawada Traffic Zone,2039063,Vijayawada Traffic III (T)
2039,NTR Commissionerate,2039400,DCP Traffic,2039303,VIjayawada Traffic Zone,2039064,Vijayawada Traffic IV (T)
2039,NTR Commissionerate,2039400,DCP Traffic,2039303,VIjayawada Traffic Zone,2039092,Vijayawada Traffic V (T)
2039,NTR Commissionerate,2039405,Mylavaram SDPO,2026211,Mylavaram Circle,2026010,G. Konduru
2039,NTR Commissionerate,2039405,Mylavaram SDPO,2026211,Mylavaram Circle,2026031,Mylavaram
2039,NTR Commissionerate,2039405,Mylavaram SDPO,2026211,Mylavaram Circle,2026041,Reddigudem
2039,NTR Commissionerate,2039405,Mylavaram SDPO,2026213,Tiruvuru Circle,2026002,A. Konduru
2039,NTR Commissionerate,2039405,Mylavaram SDPO,2026213,Tiruvuru Circle,2026061,Gampalagudem
2039,NTR Commissionerate,2039405,Mylavaram SDPO,2026213,Tiruvuru Circle,2026045,Tiruvuru
2039,NTR Commissionerate,2039405,Mylavaram SDPO,2026213,Tiruvuru Circle,2026059,Vissannapet
2039,NTR Commissionerate,2026403,Nandigama SDPO,0,-,2026033,Nandigama
2039,NTR Commissionerate,2026403,Nandigama SDPO,2026208,Jaggaiahpet Circle,2026018,Chillakallu
2039,NTR Commissionerate,2026403,Nandigama SDPO,2026208,Jaggaiahpet Circle,2026017,Jaggaiahpet
2039,NTR Commissionerate,2026403,Nandigama SDPO,2026208,Jaggaiahpet Circle,2026038,Penuganchiprolu
2039,NTR Commissionerate,2026403,Nandigama SDPO,2026208,Jaggaiahpet Circle,2026050,Vatsavai
2039,NTR Commissionerate,2026403,Nandigama SDPO,2026209,Nandigama Rural Circle,2026069,Chandarlapadu
2039,NTR Commissionerate,2026403,Nandigama SDPO,2026209,Nandigama Rural Circle,2026022,Kanchikacherla
2039,NTR Commissionerate,2026403,Nandigama SDPO,2026209,Nandigama Rural Circle,2026049,Veerulapadu
2039,NTR Commissionerate,0,-,2039204,Vijaywada CCS Circle,2039084,Satyanarayanapuram-CRIME
2062,Nandyal,2027402,Allagadda SDPO,0,-,2027004,Allagadda Town
2062,Nandyal,2027402,Allagadda SDPO,2027211,Allagadda Rural Circle,2027008,Allagadda Rural
2062,Nandyal,2027403,Nandyal SDPO,2027217,Panyam Circle,2027060,Panyam
2062,Nandyal,2027403,Nandyal SDPO,2027217,Panyam Circle,2027022,Gadivemula
2062,Nandyal,2027403,Nandyal SDPO,2027216,Nandyal Rural Circle,2027089,Mahanandi
2062,Nandyal,2027403,Nandyal SDPO,2027216,Nandyal Rural Circle,2027088,Gospadu
2062,Nandyal,2027403,Nandyal SDPO,2027216,Nandyal Rural Circle,2027009,B.Atmakur
2062,Nandyal,2027403,Nandyal SDPO,0,-,2027047,Nandyal Traffic
2062,Nandyal,2027403,Nandyal SDPO,0,-,2027053,Nandyal Taluk
2062,Nandyal,2027403,Nandyal SDPO,0,-,2027066,Nandyal III Town
2062,Nandyal,2027403,Nandyal SDPO,0,-,2027055,Nandyal II Town
2062,Nandyal,2027403,Nandyal SDPO,0,-,2027054,Nandyal I Town
2062,Nandyal,2027405,Dhone SDPO,2027222,Peapully Circle,2027062,Peapully
2062,Nandyal,2027405,Dhone SDPO,2027222,Peapully Circle,2027057,N.Racherla
2062,Nandyal,2027405,Dhone SDPO,2027222,Peapully Circle,2027028,Jaladurgam
2062,Nandyal,2027405,Dhone SDPO,2027224,Banaganapalli Circle,2027058,Owk
2062,Nandyal,2027405,Dhone SDPO,2027224,Banaganapalli Circle,2027052,Nandivargam
2062,Nandyal,2027405,Dhone SDPO,2027224,Banaganapalli Circle,2027010,Banaganapalli
2062,Nandyal,2027405,Dhone SDPO,0,-,2027019,Dhone Town
2062,Nandyal,2027402,Allagadda SDPO,2027211,Allagadda Rural Circle,2027014,Chagalamarri
2062,Nandyal,2027402,Allagadda SDPO,2027211,Allagadda Rural Circle,2027020,Dornipadu
2062,Nandyal,2027402,Allagadda SDPO,2027211,Allagadda Rural Circle,2027075,Uyyalawada
2062,Nandyal,2027402,Allagadda SDPO,2027213,Koilakuntla Circle,2027032,Koilakuntla
2062,Nandyal,2027402,Allagadda SDPO,2027213,Koilakuntla Circle,2027033,Kolimigundla
2062,Nandyal,2027402,Allagadda SDPO,2027213,Koilakuntla Circle,2027067,Revanur
2062,Nandyal,2027402,Allagadda SDPO,2027213,Koilakuntla Circle,2027069,Sanjamala
2062,Nandyal,2027402,Allagadda SDPO,2027212,Sirivella Circle,2027068,Rudravaram
2062,Nandyal,2027402,Allagadda SDPO,2027212,Sirivella Circle,2027070,Sirivella
2062,Nandyal,2027404,Atmakur SDPO,0,-,2027051,Nandikotkur
2062,Nandyal,2027404,Atmakur SDPO,2027218,Atmakur Circle,2027007,Atmakur
2062,Nandyal,2027404,Atmakur SDPO,2027218,Atmakur Circle,2027044,Kothapalli
2062,Nandyal,2027404,Atmakur SDPO,2027218,Atmakur Circle,2027064,Pamulapadu
2062,Nandyal,2027404,Atmakur SDPO,2027218,Atmakur Circle,2027081,Velugodu
2062,Nandyal,2027404,Atmakur SDPO,2027219,Nandikotkur Rural Circle,2027016,Brahamanakotkur
2062,Nandyal,2027404,Atmakur SDPO,2027219,Nandikotkur Rural Circle,2027030,Jupadu Bangalow
2062,Nandyal,2027404,Atmakur SDPO,2027219,Nandikotkur Rural Circle,2027048,Midthur
2062,Nandyal,2027404,Atmakur SDPO,2027219,Nandikotkur Rural Circle,2027059,Muchumarri
2062,Nandyal,2027404,Atmakur SDPO,2027220,Srisailam Circle,2027071,Srisailam I Town
2062,Nandyal,2027404,Atmakur SDPO,2027220,Srisailam Circle,2027072,Srisailam II Town
2062,Nandyal,2027405,Dhone SDPO,0,-,2027011,Bethamcherla
2062,Nandyal,2027405,Dhone SDPO,0,-,2027092,Dhone Rural
2063,Palnadu,2019404,Narsaraopet SDPO,2019211,Narsaraopet Rural  Circle,2019041,Narasaraopet Rural
2063,Palnadu,2019404,Narsaraopet SDPO,2019211,Narsaraopet Rural  Circle,2019059,Rompicherla
2063,Palnadu,2019404,Narsaraopet SDPO,2019212,Vinukonda Rural Circle,2019077,Bandlamotu
2063,Palnadu,2019404,Narsaraopet SDPO,2019212,Vinukonda Rural Circle,2019024,Inavole
2063,Palnadu,2019404,Narsaraopet SDPO,2019212,Vinukonda Rural Circle,2019025,Ipur
2063,Palnadu,2019404,Narsaraopet SDPO,2019212,Vinukonda Rural Circle,2019062,Savalyapuram
2063,Palnadu,2019405,Sattenapalli SDPO,0,-,2019002,Amaravathi
2063,Palnadu,2019405,Sattenapalli SDPO,0,-,2019061,Sattenapalli Town
2063,Palnadu,2019405,Sattenapalli SDPO,2063201,Pedakurapadu Circle,2019004,Atchampet
2063,Palnadu,2019405,Sattenapalli SDPO,2063201,Pedakurapadu Circle,2019076,Bellamkonda
2063,Palnadu,2019405,Sattenapalli SDPO,2063201,Pedakurapadu Circle,2019080,Krosuru
2063,Palnadu,2019405,Sattenapalli SDPO,2063201,Pedakurapadu Circle,2019049,Pedakurapadu
2063,Palnadu,2019405,Sattenapalli SDPO,2019214,Sattenapalli Rural Circle,2019081,Muppalla
2063,Palnadu,2019405,Sattenapalli SDPO,2019214,Sattenapalli Rural Circle,2019040,Nekarekal
2063,Palnadu,2019405,Sattenapalli SDPO,2019214,Sattenapalli Rural Circle,2019056,Rajupalem
2063,Palnadu,2019405,Sattenapalli SDPO,2019214,Sattenapalli Rural Circle,2019063,Sattenapalli Rural
2063,Palnadu,0,-,0,-,2019097,"CCS , Palnadu"
2063,Palnadu,0,-,0,-,2019094,"Mahila UPS, Palnadu"
2063,Palnadu,2019403,Gurazala SDPO,0,-,2019017,Dachepalli
2063,Palnadu,2019403,Gurazala SDPO,0,-,2019021,Gurazala Town
2063,Palnadu,2019403,Gurazala SDPO,0,-,2019034,Macherla Town
2063,Palnadu,2019403,Gurazala SDPO,0,-,2019052,Piduguralla
2063,Palnadu,2019403,Gurazala SDPO,2063205,Dachepalli UPS,2019036,Machavaram
2063,Palnadu,2019403,Gurazala SDPO,2063204,Karempudi Circle,2019019,Durgi
2063,Palnadu,2019403,Gurazala SDPO,2063204,Karempudi Circle,2019027,Karempudi
2063,Palnadu,2019403,Gurazala SDPO,2063204,Karempudi Circle,2019060,Rentachinthala
2063,Palnadu,2019403,Gurazala SDPO,2019209,Macherla Rural Circle,2019033,Macherla Rural
2063,Palnadu,2019403,Gurazala SDPO,2019209,Macherla Rural Circle,2019039,Nagarjunasagar
2063,Palnadu,2019403,Gurazala SDPO,2019209,Macherla Rural Circle,2019074,Veldurthy
2063,Palnadu,2019404,Narsaraopet SDPO,0,-,2019013,Chilakaluripet Town
2063,Palnadu,2019404,Narsaraopet SDPO,0,-,2019042,Narsaraopet I Town
2063,Palnadu,2019404,Narsaraopet SDPO,0,-,2019045,Narsaraopet II Town
2063,Palnadu,2019404,Narsaraopet SDPO,0,-,2019075,Vinukonda
2063,Palnadu,2019404,Narsaraopet SDPO,2019210,Chilakaluripet Rural Circle,2019014,Chilakaluripet Rural
2063,Palnadu,2019404,Narsaraopet SDPO,2019210,Chilakaluripet Rural Circle,2019078,Edlapadu
2063,Palnadu,2019404,Narsaraopet SDPO,2019210,Chilakaluripet Rural Circle,2019043,Nadendla
2063,Palnadu,2019404,Narsaraopet SDPO,2063206,Narsaraopet I Town UPS,2019095,Narasaraopet Trafic PS
2061,Parvathipuram Manyam,2034402,Palakonda SDPO,2034208,Palakonda Circle,2034036,Palakonda
2061,Parvathipuram Manyam,2037401,Parvathipuram SDPO,2061201,Salur Rural Circle,2037069,Pachipenta
2061,Parvathipuram Manyam,2037401,Parvathipuram SDPO,2061201,Salur Rural Circle,2037028,Makkuva
2061,Parvathipuram Manyam,2037401,Parvathipuram SDPO,2061204,Parvathipuram Town UPS,2061001,Parvathipuram Traffic
2061,Parvathipuram Manyam,2037401,Parvathipuram SDPO,2037208,Parvathipuram Rural Circle,2037045,Seethanagaram
2061,Parvathipuram Manyam,2034402,Palakonda SDPO,2061203,Chinamerangi Circle,2037012,Chinamerangi
2061,Parvathipuram Manyam,2034402,Palakonda SDPO,2061203,Chinamerangi Circle,2037023,Garugubilli
2061,Parvathipuram Manyam,2034402,Palakonda SDPO,2061203,Chinamerangi Circle,2037024,Jiyyammavalasa
2061,Parvathipuram Manyam,2034402,Palakonda SDPO,2037209,Elwinpeta Circle,2037013,Elwinpeta
2061,Parvathipuram Manyam,2034402,Palakonda SDPO,2037209,Elwinpeta Circle,2037027,Kurupam
2061,Parvathipuram Manyam,2034402,Palakonda SDPO,2037209,Elwinpeta Circle,2037032,Neelakantapuram
2061,Parvathipuram Manyam,2034402,Palakonda SDPO,2034208,Palakonda Circle,2034005,Bathili
2061,Parvathipuram Manyam,2034402,Palakonda SDPO,2034208,Palakonda Circle,2034011,Donubhai
2061,Parvathipuram Manyam,2037401,Parvathipuram SDPO,2061201,Salur Rural Circle,2037046,Salur Rural
2061,Parvathipuram Manyam,2034402,Palakonda SDPO,2034208,Palakonda Circle,2034046,Seethampeta
2061,Parvathipuram Manyam,2034402,Palakonda SDPO,2034208,Palakonda Circle,2034056,Veeraghattam
2061,Parvathipuram Manyam,2037401,Parvathipuram SDPO,0,-,2037026,Kotiya
2061,Parvathipuram Manyam,2037401,Parvathipuram SDPO,0,-,2037038,Parvathipuram Town
2061,Parvathipuram Manyam,2037401,Parvathipuram SDPO,0,-,2037044,Salur Town
2061,Parvathipuram Manyam,2037401,Parvathipuram SDPO,2037208,Parvathipuram Rural Circle,2037066,Balijipeta
2061,Parvathipuram Manyam,2037401,Parvathipuram SDPO,2037208,Parvathipuram Rural Circle,2037068,Komarada
2061,Parvathipuram Manyam,2037401,Parvathipuram SDPO,2037208,Parvathipuram Rural Circle,2037037,Parvathipuram Rural
2958,Polavaram,2017406,Chinturu SDPO,2017226,Chintoor Circle,2017100,Chintoor
2958,Polavaram,2017405,Rampachodavaram SDPO,2017216,Rampachodavaram Circle,2017058,Rampachodavaram
2958,Polavaram,2017406,Chinturu SDPO,2017226,Chintoor Circle,2017102,Moothugudem
2958,Polavaram,2017406,Chinturu SDPO,2017225,Yetapaka Circle,2017099,Kunavaram
2958,Polavaram,2017406,Chinturu SDPO,2017225,Yetapaka Circle,2017101,Vara Ramachandrapuram
2958,Polavaram,2017406,Chinturu SDPO,2017225,Yetapaka Circle,2017098,Yetapaka
2958,Polavaram,2017405,Rampachodavaram SDPO,2017217,Addateegala Circle,2017001,Addateegala
2958,Polavaram,2017405,Rampachodavaram SDPO,2017217,Addateegala Circle,2017022,Dutcherthi
2958,Polavaram,2017405,Rampachodavaram SDPO,2017217,Addateegala Circle,2017028,Gangavaram
2958,Polavaram,2017405,Rampachodavaram SDPO,2017217,Addateegala Circle,2017079,Y. Ramavaram
2958,Polavaram,2017405,Rampachodavaram SDPO,2017219,Maredumilli Circle,2017092,Gurthedu
2958,Polavaram,2017405,Rampachodavaram SDPO,2017219,Maredumilli Circle,2017043,Maredumilli
2958,Polavaram,2017405,Rampachodavaram SDPO,2017218,Rajavommangi Circle,2017090,Jaddangi
2958,Polavaram,2017405,Rampachodavaram SDPO,2017218,Rajavommangi Circle,2017056,Rajavommangi
2958,Polavaram,2017405,Rampachodavaram SDPO,2017216,Rampachodavaram Circle,2017018,Devipatnam
2958,Polavaram,2017406,Chinturu SDPO,2017226,Chintoor Circle,2017019,Donkarai
2033,Prakasam,2033402,Kandukur SDPO,2033205,Kandukur Circle,2033098,Kandukuru Rural
2033,Prakasam,2033404,Ongole SDPO,2033212,Ongole Rural Circle,2033048,Naguluppalapadu (N.G. Padu)
2033,Prakasam,2033402,Kandukur SDPO,2031219,Gudlur Circle,2033010,Voletivaripalem
2033,Prakasam,2033402,Kandukur SDPO,2031219,Gudlur Circle,2033040,Lingasamudram
2033,Prakasam,2033402,Kandukur SDPO,2031219,Gudlur Circle,2033023,Gudlur
2033,Prakasam,2033404,Ongole SDPO,2033213,Singarayakonda Circle,2033083,Tangutur
2033,Prakasam,2033404,Ongole SDPO,2033213,Singarayakonda Circle,2033077,Singarayakonda
2033,Prakasam,2033404,Ongole SDPO,2033213,Singarayakonda Circle,2033097,Jarugumalli
2033,Prakasam,2033404,Ongole SDPO,2033212,Ongole Rural Circle,2033078,Santhanuthalapadu
2033,Prakasam,2033401,Darsi SDPO,2033202,Darsi Circle,2033017,Donakonda
2033,Prakasam,2033401,Darsi SDPO,2019224,Santhamagulur Circle,2033004,Ballikurava
2033,Prakasam,2033401,Darsi SDPO,2019224,Santhamagulur Circle,2033076,Santhamagulur
2033,Prakasam,2033401,Darsi SDPO,0,-,2033001,Addanki UPS
2033,Prakasam,2033401,Darsi SDPO,2019222,Addanki Circle,2033030,J.Pangulur
2033,Prakasam,2033401,Darsi SDPO,2019222,Addanki Circle,2033038,Korisapadu
2033,Prakasam,2033401,Darsi SDPO,2019222,Addanki Circle,2033046,Medarametla
2033,Prakasam,2033402,Kandukur SDPO,2033205,Kandukur Circle,2033086,Ulavapadu
2033,Prakasam,0,-,0,-,2033006,"CCS , Ongole"
2033,Prakasam,0,-,0,-,2033003,"Mahila UPS, Ongole"
2033,Prakasam,0,-,0,-,2033079,"Traffic , Ongole"
2033,Prakasam,2033401,Darsi SDPO,2033202,Darsi Circle,2033016,Darsi
2033,Prakasam,2033401,Darsi SDPO,2033202,Darsi Circle,2033045,Mundlamur
2033,Prakasam,2033401,Darsi SDPO,2033202,Darsi Circle,2033084,Thallur
2033,Prakasam,2033401,Darsi SDPO,2033202,Darsi Circle,2033036,Kurichedu
2033,Prakasam,2033402,Kandukur SDPO,2033222,Kondepi Circle,2033035,Kondepi
2033,Prakasam,2033402,Kandukur SDPO,2033222,Kondepi Circle,2033044,Marripudi
2033,Prakasam,2033402,Kandukur SDPO,2033222,Kondepi Circle,2033064,Ponnalur
2033,Prakasam,2033404,Ongole SDPO,0,-,2033054,Ongole I Town UPS
2033,Prakasam,2033404,Ongole SDPO,0,-,2033055,Ongole II Town UPS
2033,Prakasam,2033404,Ongole SDPO,0,-,2033053,Ongole Taluk UPS
2033,Prakasam,2033404,Ongole SDPO,2033225,Ongole II Town UPS,2033039,Kothapatnam
2033,Prakasam,2033404,Ongole SDPO,0,-,2033008,Chimakurthy UPS
2033,Prakasam,2033404,Ongole SDPO,2033212,Ongole Rural Circle,2033043,Maddipadu
2033,Prakasam,2033402,Kandukur SDPO,2033205,Kandukur Circle,2033032,Kandukur Town
2052,Red Sanders Anti-Smuggling Task Force,0,-,0,-,2052001,Red Sander Anti smuggling task force
2031,Sri Potti Sriramulu Nellore,2031403,Kavali SDPO,2031212,Kavali Rural Circle,2031017,Dagadarthi
2031,Sri Potti Sriramulu Nellore,2031403,Kavali SDPO,2031212,Kavali Rural Circle,2031005,Bitragunta
2031,Sri Potti Sriramulu Nellore,2031403,Kavali SDPO,2031214,Udayagiri Circle,2031019,Duttaluru
2031,Sri Potti Sriramulu Nellore,2031403,Kavali SDPO,2031214,Udayagiri Circle,2031060,S.R.Puram
2031,Sri Potti Sriramulu Nellore,2031403,Kavali SDPO,2031214,Udayagiri Circle,2031067,Udayagiri
2031,Sri Potti Sriramulu Nellore,2031403,Kavali SDPO,2031214,Udayagiri Circle,2031076,Varikunta Padu
2031,Sri Potti Sriramulu Nellore,2031401,Nellore Rural SDPO,0,-,2031045,Nellore Rural UPS
2031,Sri Potti Sriramulu Nellore,2031401,Nellore Rural SDPO,0,-,2031006,Buchireddypalem UPS
2031,Sri Potti Sriramulu Nellore,2031401,Nellore Rural SDPO,2031206,Buchireddypalem Circle,2031032,Kodavalur
2031,Sri Potti Sriramulu Nellore,2031401,Nellore Rural SDPO,2031206,Buchireddypalem Circle,2031072,Vidavalur
2031,Sri Potti Sriramulu Nellore,2031401,Nellore Rural SDPO,2031205,Kovur Circle,2031026,Indukurpet
2031,Sri Potti Sriramulu Nellore,2031401,Nellore Rural SDPO,2031205,Kovur Circle,2031034,Kovur
2031,Sri Potti Sriramulu Nellore,2031401,Nellore Rural SDPO,2031204,Krishnapatnam Port Circle,2031038,Krishnapatnam Port
2031,Sri Potti Sriramulu Nellore,2031401,Nellore Rural SDPO,2031204,Krishnapatnam Port Circle,2031042,Muttukur
2031,Sri Potti Sriramulu Nellore,2031401,Nellore Rural SDPO,2031204,Krishnapatnam Port Circle,2031065,Totapalli Gudur
2031,Sri Potti Sriramulu Nellore,2031401,Nellore Rural SDPO,0,-,2031070,V. Sataram UPS
2031,Sri Potti Sriramulu Nellore,2031404,Atmakur SDPO,2031225,Sangam Circle,2031011,Chejerla
2031,Sri Potti Sriramulu Nellore,2031401,Nellore Rural SDPO,2031216,Podalakur Circle,2031043,Manubolu
2031,Sri Potti Sriramulu Nellore,2031401,Nellore Rural SDPO,2031216,Podalakur Circle,2031053,Podalakur
2031,Sri Potti Sriramulu Nellore,2031400,Nellore Town SDPO,0,-,2031052,Balajinagar UPS
2031,Sri Potti Sriramulu Nellore,2031400,Nellore Town SDPO,0,-,2031046,Chinna Bazar UPS
2031,Sri Potti Sriramulu Nellore,2031400,Nellore Town SDPO,0,-,2031049,Dargamitta UPS
2031,Sri Potti Sriramulu Nellore,2031400,Nellore Town SDPO,0,-,2031047,Nawabpet UPS
2031,Sri Potti Sriramulu Nellore,2031400,Nellore Town SDPO,0,-,2031048,Santhapet UPS
2031,Sri Potti Sriramulu Nellore,2031400,Nellore Town SDPO,0,-,2031051,Vedayapalem UPS
2031,Sri Potti Sriramulu Nellore,2031402,Gudur SDPO,0,-,2031022,Gudur I Town UPS
2031,Sri Potti Sriramulu Nellore,2031402,Gudur SDPO,0,-,2031023,Gudur II Town UPS
2031,Sri Potti Sriramulu Nellore,2031402,Gudur SDPO,2031207,Gudur Rural Circle,2031012,Chillakur
2031,Sri Potti Sriramulu Nellore,2031402,Gudur SDPO,2031207,Gudur Rural Circle,2031021,Gudur Rural
2031,Sri Potti Sriramulu Nellore,2031402,Gudur SDPO,2031207,Gudur Rural Circle,2031033,Kota
2031,Sri Potti Sriramulu Nellore,0,-,0,-,2031008,"CCS , Nellore"
2031,Sri Potti Sriramulu Nellore,0,-,0,-,2031015,"Mahila UPS, Nellore"
2031,Sri Potti Sriramulu Nellore,0,-,0,-,2031056,"North Traffic, Nellore"
2031,Sri Potti Sriramulu Nellore,0,-,0,-,2031055,"South Traffic, Nellore"
2031,Sri Potti Sriramulu Nellore,2031404,Atmakur SDPO,2031225,Sangam Circle,2031003,A.S.Pet
2031,Sri Potti Sriramulu Nellore,2031404,Atmakur SDPO,2031215,Atmakur Circle,2031077,Ananthasagaram
2031,Sri Potti Sriramulu Nellore,2031404,Atmakur SDPO,2031215,Atmakur Circle,2031002,Atmakur
2031,Sri Potti Sriramulu Nellore,2031404,Atmakur SDPO,2031215,Atmakur Circle,2031014,Marripadu (D.C.Palli)
2031,Sri Potti Sriramulu Nellore,2031404,Atmakur SDPO,2031225,Sangam Circle,2031074,Sangam
2031,Sri Potti Sriramulu Nellore,2031404,Atmakur SDPO,2031215,Atmakur Circle,2031063,Somasila
2031,Sri Potti Sriramulu Nellore,2031404,Atmakur SDPO,2031224,Rapur Circle,2031029,Kaluvoy
2031,Sri Potti Sriramulu Nellore,2031404,Atmakur SDPO,2031224,Rapur Circle,2031036,Kandaleru
2031,Sri Potti Sriramulu Nellore,2031404,Atmakur SDPO,2031224,Rapur Circle,2031057,Rapur
2031,Sri Potti Sriramulu Nellore,2031404,Atmakur SDPO,2031224,Rapur Circle,2031062,Sydapuram
2031,Sri Potti Sriramulu Nellore,2031403,Kavali SDPO,0,-,2031031,Kavali I Town UPS
2031,Sri Potti Sriramulu Nellore,2031403,Kavali SDPO,0,-,2031037,Kavali II Town UPS
2031,Sri Potti Sriramulu Nellore,2031403,Kavali SDPO,2031213,Kaligiri Circle,2031027,Jaladanki
2031,Sri Potti Sriramulu Nellore,2031403,Kavali SDPO,2031213,Kaligiri Circle,2031028,Kaligiri
2031,Sri Potti Sriramulu Nellore,2031403,Kavali SDPO,2031213,Kaligiri Circle,2031035,Kondapuram
2031,Sri Potti Sriramulu Nellore,2031403,Kavali SDPO,2031213,Kaligiri Circle,2031073,Vinjamur
2031,Sri Potti Sriramulu Nellore,2031403,Kavali SDPO,2031212,Kavali Rural Circle,2031001,Allur
2031,Sri Potti Sriramulu Nellore,2031403,Kavali SDPO,0,-,2031030,Kavali Rural UPS
2064,Sri Sathya Sai,2012405,Puttaparthi SDPO,2012216,Puttaparthi Rural Circle,2012010,Bukkapatnam
2064,Sri Sathya Sai,2012405,Puttaparthi SDPO,0,-,2012086,kothacheruvu ups
2064,Sri Sathya Sai,2012405,Puttaparthi SDPO,2012216,Puttaparthi Rural Circle,2012038,Puttaparthy Rural
2064,Sri Sathya Sai,2012401,Dharmavaram SDPO,0,,2064004,Dharmavaram II Town
2064,Sri Sathya Sai,2012401,Dharmavaram SDPO,0,-,2012015,Dharmavaram I Town
2064,Sri Sathya Sai,2012401,Dharmavaram SDPO,2012203,Dharmavaram Rural Circle,2012011,Bathalapalli
2064,Sri Sathya Sai,2012401,Dharmavaram SDPO,0,-,2012039,Mudigubba
2064,Sri Sathya Sai,2012401,Dharmavaram SDPO,2012220,Mudigubba Circle,2012052,Patnam
2064,Sri Sathya Sai,2012401,Dharmavaram SDPO,2012203,Dharmavaram Rural Circle,2012072,Dharmavaram Rural
2064,Sri Sathya Sai,2012401,Dharmavaram SDPO,2012220,Mudigubba Circle,2012065,Tadimarri
2064,Sri Sathya Sai,2012401,Dharmavaram SDPO,2012204,Ramagiri Circle,2012012,Chennekothapalli
2064,Sri Sathya Sai,2012401,Dharmavaram SDPO,2012204,Ramagiri Circle,2012071,Kanaganapalli
2064,Sri Sathya Sai,2012401,Dharmavaram SDPO,2012204,Ramagiri Circle,2012060,Ramagiri
2064,Sri Sathya Sai,2064400,Hindupur SDPO,0,-,2012025,Hindupur I Town
2064,Sri Sathya Sai,2064400,Hindupur SDPO,0,-,2012027,Hindupur II Town
2064,Sri Sathya Sai,2064400,Hindupur SDPO,0,-,2012024,Hindupur Rural
2064,Sri Sathya Sai,2064400,Hindupur SDPO,2012211,Hindupur Rural Circle,2012013,Chilmathur
2064,Sri Sathya Sai,2064400,Hindupur SDPO,2012211,Hindupur Rural Circle,2064003,Hindupuram Traffic
2064,Sri Sathya Sai,2064400,Hindupur SDPO,2012211,Hindupur Rural Circle,2012036,Lepakshi
2064,Sri Sathya Sai,2012403,Kadiri SDPO,0,-,2012029,Kadiri Rural
2064,Sri Sathya Sai,2012403,Kadiri SDPO,0,-,2012030,Kadiri Town
2064,Sri Sathya Sai,2012403,Kadiri SDPO,2012209,Kadiri Rural Circle,2012017,Gandlapenta
2064,Sri Sathya Sai,2012403,Kadiri SDPO,2012209,Kadiri Rural Circle,2012044,N.P.Kunta
2064,Sri Sathya Sai,2012403,Kadiri SDPO,2012209,Kadiri Rural Circle,2012043,Nallacheruvu
2064,Sri Sathya Sai,2012403,Kadiri SDPO,2012209,Kadiri Rural Circle,2012068,Talupula
2064,Sri Sathya Sai,2012403,Kadiri SDPO,2012209,Kadiri Rural Circle,2012069,Tanakal
2064,Sri Sathya Sai,2012404,Penukonda SDPO,0,-,2012019,Gorantla
2064,Sri Sathya Sai,2012404,Penukonda SDPO,2012213,Madakasira Circle,2012006,Agali
2064,Sri Sathya Sai,2012404,Penukonda SDPO,2012213,Madakasira Circle,2012001,Amarapuram
2064,Sri Sathya Sai,2012404,Penukonda SDPO,2012213,Madakasira Circle,2012022,Gudibanda
2064,Sri Sathya Sai,2012404,Penukonda SDPO,0,-,2012037,Madakasira ups
2064,Sri Sathya Sai,2012404,Penukonda SDPO,2012213,Madakasira Circle,2012058,Rolla
2064,Sri Sathya Sai,2012404,Penukonda SDPO,2012214,Penukonda Circle,2012094,KIA PS
2064,Sri Sathya Sai,2012404,Penukonda SDPO,2012214,Penukonda Circle,2012055,Parigi
2064,Sri Sathya Sai,2012404,Penukonda SDPO,2012214,Penukonda Circle,2012053,Penukonda
2064,Sri Sathya Sai,2012404,Penukonda SDPO,2012214,Penukonda Circle,2012059,Roddam
2064,Sri Sathya Sai,2012404,Penukonda SDPO,2012214,Penukonda Circle,2012089,Somandepalli
2064,Sri Sathya Sai,2012405,Puttaparthi SDPO,0,-,2012054,Puttaparthi Town
2064,Sri Sathya Sai,2012405,Puttaparthi SDPO,0,-,2012091,Puttaparthi Airport
2064,Sri Sathya Sai,2012405,Puttaparthi SDPO,0,-,2012090,Puttaparthi Security Wing
2064,Sri Sathya Sai,2012405,Puttaparthi SDPO,2012210,Nallamada Circle,2012007,Amadaguru
2064,Sri Sathya Sai,2012405,Puttaparthi SDPO,2012210,Nallamada Circle,2012042,Nallamada
2064,Sri Sathya Sai,2012405,Puttaparthi SDPO,2012210,Nallamada Circle,2012045,O.D.Cheruvu
2034,Srikakulam,2034401,Kasibugga SDPO,2034204,Kasibugga Rural Circle,2034058,Vajrapukothuru
2034,Srikakulam,2034403,Tekkali SDPO,2034206,Tekkali Circle,2034037,Santhabommali
2034,Srikakulam,2034403,Tekkali SDPO,2034206,Tekkali Circle,2034035,Naupada
2034,Srikakulam,2034403,Tekkali SDPO,2034206,Tekkali Circle,2034033,Nandigam
2034,Srikakulam,2034403,Tekkali SDPO,2034206,Tekkali Circle,2034024,Kotabommali
2034,Srikakulam,2034403,Tekkali SDPO,2034209,Pathapatnam Circle,2034039,Pathapatnam
2034,Srikakulam,2034403,Tekkali SDPO,2034209,Pathapatnam Circle,2034029,Meliaputti
2034,Srikakulam,2034403,Tekkali SDPO,2034201,Narasannapeta Circle,2034045,Saravakota
2034,Srikakulam,2034403,Tekkali SDPO,2034201,Narasannapeta Circle,2034041,Polaki
2034,Srikakulam,2034403,Tekkali SDPO,2034201,Narasannapeta Circle,2034032,Narasannapeta
2034,Srikakulam,2034403,Tekkali SDPO,2034201,Narasannapeta Circle,2034022,Jalumuru
2034,Srikakulam,2034403,Tekkali SDPO,2034207,Kothuru Circle,2034025,Kothuru
2034,Srikakulam,0,-,0,-,2034009,"CCS , Srikakulam"
2034,Srikakulam,0,-,0,-,2034031,"Mahila UPS, Srikakulam"
2034,Srikakulam,0,-,0,-,2034055,Srikakulam Traffic
2034,Srikakulam,2034401,Kasibugga SDPO,0,-,2034023,Kasibugga
2034,Srikakulam,2034401,Kasibugga SDPO,2034203,Itchapuram Circle,2034020,Itchapuram Rural
2034,Srikakulam,2034401,Kasibugga SDPO,2034203,Itchapuram Circle,2034019,Itchapuram Town
2034,Srikakulam,2034401,Kasibugga SDPO,2034203,Itchapuram Circle,2034027,Kaviti
2034,Srikakulam,2034401,Kasibugga SDPO,2034204,Kasibugga Rural Circle,2034030,Mandasa
2034,Srikakulam,2034403,Tekkali SDPO,0,-,2034054,Tekkali PS
2034,Srikakulam,2034401,Kasibugga SDPO,2034205,Sompeta Circle,2034004,Baruva
2034,Srikakulam,2034401,Kasibugga SDPO,2034205,Sompeta Circle,2034026,Kanchili
2034,Srikakulam,2034401,Kasibugga SDPO,2034205,Sompeta Circle,2034047,Sompeta
2034,Srikakulam,2034400,Srikakulam SDPO,0,-,2034052,Srikakulam II Town
2034,Srikakulam,2034400,Srikakulam SDPO,2034212,Amadalavalasa Circle,2034001,Amadalavalasa
2034,Srikakulam,2034400,Srikakulam SDPO,2034212,Amadalavalasa Circle,2034008,Burja
2034,Srikakulam,2034400,Srikakulam SDPO,2034212,Amadalavalasa Circle,2034040,Ponduru
2034,Srikakulam,2034400,Srikakulam SDPO,2034212,Amadalavalasa Circle,2034050,Sarubujjili
2034,Srikakulam,2034400,Srikakulam SDPO,2034200,J.R.Puram Circle,2034013,Etcherla
2034,Srikakulam,2034400,Srikakulam SDPO,2034200,J.R.Puram Circle,2034015,G. Sigadam
2034,Srikakulam,2034400,Srikakulam SDPO,2034200,J.R.Puram Circle,2034021,J.R.Puram
2034,Srikakulam,2034400,Srikakulam SDPO,2034200,J.R.Puram Circle,2034028,Laveru
2034,Srikakulam,2034400,Srikakulam SDPO,2034202,Srikakulam Rural Circle,2034044,Gara
2034,Srikakulam,2034400,Srikakulam SDPO,2034202,Srikakulam Rural Circle,2034049,Srikakulam I Town
2034,Srikakulam,2034400,Srikakulam SDPO,2034202,Srikakulam Rural Circle,2034048,Srikakulam Rural
2034,Srikakulam,2034403,Tekkali SDPO,2034207,Kothuru Circle,2034017,Hiramandalam
2045,Tirupathi,0,-,0,-,2045090,"CCS , Tirumala"
2045,Tirupathi,0,-,0,-,2045009,"CCS , Tirupathi"
2045,Tirupathi,0,-,0,-,2045002,"Mahila UPS, Tirupathi"
2045,Tirupathi,0,-,0,-,2045092,Tirumala Traffic
2045,Tirupathi,0,-,0,-,2045060,Tirupathi Traffic
2045,Tirupathi,2045411,Naidupet SDPO,0,-,2031044,Naidupet UPS
2045,Tirupathi,2045411,Naidupet SDPO,2031209,Naidupet Rural Circle,2031007,Doravari Satram
2045,Tirupathi,2045411,Naidupet SDPO,2031209,Naidupet Rural Circle,2031050,Ozili
2045,Tirupathi,2045411,Naidupet SDPO,2031209,Naidupet Rural Circle,2031054,Pellakur
2045,Tirupathi,2045411,Naidupet SDPO,2031210,Sullurpet Circle,2031059,Sriharikota
2045,Tirupathi,2045411,Naidupet SDPO,2031210,Sullurpet Circle,2031061,Sullurpet
2045,Tirupathi,2045411,Naidupet SDPO,2031210,Sullurpet Circle,2031064,Tada
2045,Tirupathi,2045411,Naidupet SDPO,2031211,Vakadu Circle,2031013,Chittamuru
2045,Tirupathi,2045411,Naidupet SDPO,2031211,Vakadu Circle,2031075,Vakadu
2045,Tirupathi,2045411,Naidupet SDPO,2031208,Venkatagiri Circle,2031004,Balayapalli
2045,Tirupathi,2045411,Naidupet SDPO,2031208,Venkatagiri Circle,2031018,Dakkili
2045,Tirupathi,2045411,Naidupet SDPO,2031208,Venkatagiri Circle,2031071,Venkatagiri
2045,Tirupathi,2045413,Puttur SDPO,0,-,2014044,Puttur UPS
2045,Tirupathi,2045408,Renigunta SDPO,0,-,2045047,Renigunta UPS
2045,Tirupathi,2045408,Renigunta SDPO,0,-,2045037,Yerpedu UPS
2045,Tirupathi,2045408,Renigunta SDPO,2045221,Renigunta  Rural Circle,2045097,Airport
2045,Tirupathi,2045408,Renigunta SDPO,2045221,Renigunta  Rural Circle,2045088,Gajula mandyam
2045,Tirupathi,2045413,Puttur SDPO,2045229,Puttur Rural Circle,2045062,Vadamalpet
2045,Tirupathi,2045412,Sri City SDPO,0,-,2014098,Sri City UPS
2045,Tirupathi,2045404,Srikalahasti SDPO,0,-,2045016,Srikalahasthi I Town UPS
2045,Tirupathi,2045404,Srikalahasti SDPO,0,-,2045096,Srikalahasti II Town UPS
2045,Tirupathi,2045404,Srikalahasti SDPO,0,-,2045015,Srikalahasthi Rural UPS
2045,Tirupathi,2045404,Srikalahasti SDPO,2045225,Bn Kandriga Circle,2045074,B.N.Kandriga
2045,Tirupathi,2045404,Srikalahasti SDPO,2045225,Bn Kandriga Circle,2045079,Thottambedu
2045,Tirupathi,2045413,Puttur SDPO,2045229,Puttur Rural Circle,2014022,K.V.B.Puram
2045,Tirupathi,2045413,Puttur SDPO,2045229,Puttur Rural Circle,2014034,Narayanavanam
2045,Tirupathi,2045413,Puttur SDPO,2045229,Puttur Rural Circle,2014073,Pitchatoor
2045,Tirupathi,2045413,Puttur SDPO,2014220,Satyavedu Circle,2014029,Nagalapuram
2045,Tirupathi,2045413,Puttur SDPO,2014220,Satyavedu Circle,2014049,Satyavedu
2045,Tirupathi,2045413,Puttur SDPO,2014220,Satyavedu Circle,2014063,Vardaiahpalem
2045,Tirupathi,2045405,Tirumala SDPO,0,-,2045057,Tirumala I Town UPS
2045,Tirupathi,2045405,Tirumala SDPO,0,-,2045058,Tirumala II Town UPS
2045,Tirupathi,2045403,Tirupati SDPO,0,-,2045001,Alipiri UPS
2045,Tirupathi,2045406,Chandragiri SDPO,0,-,2045056,Tirchanur UPS
2045,Tirupathi,2045403,Tirupati SDPO,0,-,2045059,Tirupathi East UPS
2045,Tirupathi,2045406,Chandragiri SDPO,0,-,2045010,Chandragiri UPS
2045,Tirupathi,2045406,Chandragiri SDPO,0,-,2045089,Tirupati Rural UPS
2045,Tirupathi,2045406,Chandragiri SDPO,0,-,2014035,Pakala UPS
2045,Tirupathi,2045403,Tirupati SDPO,0,-,2045053,S.V.U.Campus UPS
2045,Tirupathi,2045403,Tirupati SDPO,0,-,2045061,Tirupathi West UPS
2045,Tirupathi,2045406,Chandragiri SDPO,2045227,Bhakrapet Circle,2014005,Bhakarapet
2045,Tirupathi,2045406,Chandragiri SDPO,2045227,Bhakrapet Circle,2014083,Yerravaripalem
2045,Tirupathi,2045406,Chandragiri SDPO,2045228,Chandragiri UPS,2045054,RC Puram 
2045,Tirupathi,2045408,Renigunta SDPO,2016214,Railway Kodur Rural Circle,2016008,Chitvel
2045,Tirupathi,2045408,Renigunta SDPO,0,-,2016026,Railway Kodur UPS
2045,Tirupathi,2045408,Renigunta SDPO,2016214,Railway Kodur Rural Circle,2016036,Obulavaripalli
2045,Tirupathi,2045408,Renigunta SDPO,2016214,Railway Kodur Rural Circle,2016046,Penagalur
2045,Tirupathi,2045408,Renigunta SDPO,2016214,Railway Kodur Rural Circle,2016045,Pullampeta
2038,Visakhapatnam Commissionerate,2038403,DCP L&O-I,2038308,ACP Dwaraka Sub-Division,2038092,Muvvalavanipalem
2038,Visakhapatnam Commissionerate,2038404,DCP L&O-II,2038300,ACP West,2038042,Kancharapalem PS
2038,Visakhapatnam Commissionerate,2038404,DCP L&O-II,2038300,ACP West,2038018,Gopalapatnam
2038,Visakhapatnam Commissionerate,2038404,DCP L&O-II,2038300,ACP West,2038072,Airport
2038,Visakhapatnam Commissionerate,2038404,DCP L&O-II,2038301,ACP South,2038011,Steelplant
2038,Visakhapatnam Commissionerate,2038404,DCP L&O-II,2038301,ACP South,2038010,Gajuwaka
2038,Visakhapatnam Commissionerate,0,-,0,-,2038070,"Mahila UPS, Visakhapatnam"
2038,Visakhapatnam Commissionerate,2038405,"ADCP, Traffic ",2038304,ACP Traffic,2038068,Gajuwaka Traffic
2038,Visakhapatnam Commissionerate,2038405,"ADCP, Traffic ",2038304,ACP Traffic,2038060,I Town Traffic
2038,Visakhapatnam Commissionerate,2038405,"ADCP, Traffic ",2038304,ACP Traffic,2038061,II Town Traffic
2038,Visakhapatnam Commissionerate,2038405,"ADCP, Traffic ",2038304,ACP Traffic,2038062,III Town Traffic
2038,Visakhapatnam Commissionerate,2038405,"ADCP, Traffic ",2038304,ACP Traffic,2038063,IV Town Traffic
2038,Visakhapatnam Commissionerate,2038405,"ADCP, Traffic ",2038304,ACP Traffic,2038064,Kancharapalem Traffic
2038,Visakhapatnam Commissionerate,2038405,"ADCP, Traffic ",2038304,ACP Traffic,2038015,New Port Traffic
2038,Visakhapatnam Commissionerate,2038406,DCP Crime,2038306,ACP Crime,2038005,CCS
2038,Visakhapatnam Commissionerate,2038406,DCP Crime,2038306,ACP Crime,2038073,Cyber Crime
2038,Visakhapatnam Commissionerate,2038403,DCP L&O-I,2038308,ACP Dwaraka Sub-Division,2038080,Arilova
2038,Visakhapatnam Commissionerate,2038403,DCP L&O-I,2038308,ACP Dwaraka Sub-Division,2038076,Dwaraka
2038,Visakhapatnam Commissionerate,2038404,DCP L&O-II,2038300,ACP West,2038035,Pendurthy
2038,Visakhapatnam Commissionerate,2038403,DCP L&O-I,2038303,ACP East,2038002,II Town
2038,Visakhapatnam Commissionerate,2038403,DCP L&O-I,2038303,ACP East,2038003,III Town
2038,Visakhapatnam Commissionerate,2038403,DCP L&O-I,2038303,ACP East,2038004,IV Town
2038,Visakhapatnam Commissionerate,2038403,DCP L&O-I,2038303,ACP East,2038091,Maharanipeta
2038,Visakhapatnam Commissionerate,2038403,DCP L&O-I,2038305,ACP North,2038006,Anandapuram
2038,Visakhapatnam Commissionerate,2038403,DCP L&O-I,2038305,ACP North,2038009,Bhimunipatnam
2038,Visakhapatnam Commissionerate,2038403,DCP L&O-I,2038305,ACP North,2038040,Padmanabham
2038,Visakhapatnam Commissionerate,2038403,DCP L&O-I,2038305,ACP North,2038017,PM Palem
2038,Visakhapatnam Commissionerate,2038404,DCP L&O-II,2038307,ACP Harbour Sub-Division,2038007,Harbour
2038,Visakhapatnam Commissionerate,2038404,DCP L&O-II,2038307,ACP Harbour Sub-Division,2038001,I Town
2038,Visakhapatnam Commissionerate,2038404,DCP L&O-II,2038307,ACP Harbour Sub-Division,2038008,Malkapuram
2038,Visakhapatnam Commissionerate,2038404,DCP L&O-II,2038307,ACP Harbour Sub-Division,2038014,New Port
2038,Visakhapatnam Commissionerate,2038404,DCP L&O-II,2038301,ACP South,2038075,Duvvada
2037,Vizianagaram,2037400,Vizianagaram SDPO,2037202,Vizianagaram Rural  Circle,2037020,Gantyada
2037,Vizianagaram,2037400,Vizianagaram SDPO,2037202,Vizianagaram Rural  Circle,2037063,Vizianagaram Rural
2037,Vizianagaram,0,-,0,-,2037073,"CCS , Vizianagaram"
2037,Vizianagaram,0,-,0,-,2037011,"Mahila UPS, Vizianagaram"
2037,Vizianagaram,0,-,0,-,2037064,Vizianagaram Traffic
2037,Vizianagaram,2037402,Bobbili SDPO,0,-,2037006,Bobbili Town
2037,Vizianagaram,2037402,Bobbili SDPO,2037205,Bobbili Rural Circle,2037065,Badangi
2037,Vizianagaram,2037402,Bobbili SDPO,2037205,Bobbili Rural Circle,2037041,Ramabhadrapuram
2037,Vizianagaram,2037402,Bobbili SDPO,2037205,Bobbili Rural Circle,2037004,Therlam
2037,Vizianagaram,2037402,Bobbili SDPO,2037215,Bobbili Town UPS,2037075,Bobbili Traffic
2037,Vizianagaram,2037402,Bobbili SDPO,2037207,Gajapathinagaram Circle,2037003,Andra
2037,Vizianagaram,2037402,Bobbili SDPO,2037207,Gajapathinagaram Circle,2037008,Burjavalasa
2037,Vizianagaram,2037402,Bobbili SDPO,2037207,Gajapathinagaram Circle,2037067,Bondapalli
2037,Vizianagaram,2037402,Bobbili SDPO,2037207,Gajapathinagaram Circle,2037019,Gajapathinagaram
2037,Vizianagaram,2037402,Bobbili SDPO,2037207,Gajapathinagaram Circle,2037033,Pedamanapuram
2037,Vizianagaram,2037404,Cheepurupalli SDPO,0,-,2034042,Rajam Town
2037,Vizianagaram,2037404,Cheepurupalli SDPO,2037206,Cheepurupalli Circle,2037007,Budarayavalasa
2037,Vizianagaram,2037404,Cheepurupalli SDPO,2037206,Cheepurupalli Circle,2037009,Cheepurupalli
2037,Vizianagaram,2037404,Cheepurupalli SDPO,2037206,Cheepurupalli Circle,2037022,Garividi
2037,Vizianagaram,2037404,Cheepurupalli SDPO,2037206,Cheepurupalli Circle,2037014,Gurla
2037,Vizianagaram,2037404,Cheepurupalli SDPO,2034210,Rajam Rural Circle ,2034043,Regidi Amudalavalsa
2037,Vizianagaram,2037404,Cheepurupalli SDPO,2034210,Rajam Rural Circle ,2034051,Santhakaviti
2037,Vizianagaram,2037404,Cheepurupalli SDPO,2034210,Rajam Rural Circle ,2034057,Vangara
2037,Vizianagaram,2037400,Vizianagaram SDPO,0,-,2037031,Kothavalasa
2037,Vizianagaram,2037400,Vizianagaram SDPO,0,-,2037061,Vizianagaram I Town
2037,Vizianagaram,2037400,Vizianagaram SDPO,0,-,2037062,Vizianagaram II Town
2037,Vizianagaram,2037400,Vizianagaram SDPO,0,-,2037005,Bhogapuram
2037,Vizianagaram,2037400,Vizianagaram SDPO,2037203,Bhogapuram Circle,2037010,Denkada
2037,Vizianagaram,2037400,Vizianagaram SDPO,2037203,Bhogapuram Circle,2037039,Nellimarla
2037,Vizianagaram,2037400,Vizianagaram SDPO,2037203,Bhogapuram Circle,2037070,Pusapatirega
2037,Vizianagaram,2037400,Vizianagaram SDPO,2037204,S.Kota Circle,2037025,Jami
2037,Vizianagaram,2037400,Vizianagaram SDPO,2037204,S.Kota Circle,2037029,L Kota
2037,Vizianagaram,2037400,Vizianagaram SDPO,0,-,2037048,S.Kota
2037,Vizianagaram,2037400,Vizianagaram SDPO,2037204,S.Kota Circle,2037055,Vallampudi
2018,West Godavari,2018405,Bhimavaram SDPO,0,-,2018072,Bhimavaram Traffic
2018,West Godavari,2018405,Bhimavaram SDPO,0,-,2018008,Bhimavaram I Town
2018,West Godavari,2018407,Tadepalligudem SDPO,2018224,Tanuku Town UPS,2018070,Tanuku Traffic PS
2018,West Godavari,2018407,Tadepalligudem SDPO,2018221,Tanuku Rural Circle,2018043,Tanuku Rural
2018,West Godavari,2018407,Tadepalligudem SDPO,2018221,Tanuku Rural Circle,2018053,Iragavaram
2018,West Godavari,2018407,Tadepalligudem SDPO,2018221,Tanuku Rural Circle,2018004,Attili
2018,West Godavari,2018403,Narasapuram SDPO,2018215,Penugonda Circle,2018056,Penumantra
2018,West Godavari,2018405,Bhimavaram SDPO,0,-,2018009,Bhimavaram II Town
2018,West Godavari,2018407,Tadepalligudem SDPO,0,-,2018041,Tadepalligudem Town
2018,West Godavari,2018405,Bhimavaram SDPO,2018220,Akivedu Circle,2018002,Akividu
2018,West Godavari,2018405,Bhimavaram SDPO,2018220,Akivedu Circle,2018026,Kalla
2018,West Godavari,2018405,Bhimavaram SDPO,2018220,Akivedu Circle,2018059,Undi
2018,West Godavari,2018405,Bhimavaram SDPO,2018214,Bhimavaram Rural Circle,2018007,Bhimavaram Rural
2018,West Godavari,2018405,Bhimavaram SDPO,2018214,Bhimavaram Rural Circle,2018039,Palakoderu
2018,West Godavari,2018405,Bhimavaram SDPO,2018214,Bhimavaram Rural Circle,2018048,Veeravasaram
2018,West Godavari,2018407,Tadepalligudem SDPO,2018219,Tadepalligudem Rural Circle,2018040,Pentapadu
2018,West Godavari,2018407,Tadepalligudem SDPO,2018219,Tadepalligudem Rural Circle,2018047,Tadepalligudem Rural
2018,West Godavari,2018407,Tadepalligudem SDPO,2018223,Tadepalligudem Town UPS,2018071,Tadepalligudem Traffic
2018,West Godavari,2018403,Narasapuram SDPO,0,-,2018031,Narasapuram Town
2018,West Godavari,2018403,Narasapuram SDPO,0,-,2018035,Palakollu Town
2018,West Godavari,2018407,Tadepalligudem SDPO,0,-,2018044,Tanuku Town
2018,West Godavari,2018403,Narasapuram SDPO,2018222,Narasapuram Rural Circle,2018029,Mogaltur
2018,West Godavari,2018403,Narasapuram SDPO,2018222,Narasapuram Rural Circle,2018033,Narasapuram Rural
2018,West Godavari,2018403,Narasapuram SDPO,2018217,Palakollu Rural Circle,2018034,Palakollu Rural
2018,West Godavari,2018403,Narasapuram SDPO,2018217,Palakollu Rural Circle,2018058,Poduru
2018,West Godavari,2018403,Narasapuram SDPO,2018217,Palakollu Rural Circle,2018061,Yelamanchili
2018,West Godavari,2018403,Narasapuram SDPO,2018215,Penugonda Circle,2018001,Achanta
2018,West Godavari,2018403,Narasapuram SDPO,2018215,Penugonda Circle,2018037,Penugonda
2016,YSR Kadapa,2016400,Kadapa SDPO,0,-,2016066,"CCS  , Kadapa"
2016,YSR Kadapa,2016405,Rajampet SDPO,2016231,T.Sundupalli Circle,2016062,Veeraballi
2016,YSR Kadapa,2016400,Kadapa SDPO,0,-,2016059,Kadapa Traffic UPS
2016,YSR Kadapa,2016401,Jammalamadugu SDPO,0,-,2016020,Jammalamadugu UPS
2016,YSR Kadapa,2016401,Jammalamadugu SDPO,0,-,2016031,Muddanur UPS
2016,YSR Kadapa,2016401,Jammalamadugu SDPO,0,-,2016070,Yerraguntla UPS
2016,YSR Kadapa,2016401,Jammalamadugu SDPO,2016204,Jammalamadugu Rural Circle,2016024,Mylavaram
2016,YSR Kadapa,2016401,Jammalamadugu SDPO,2016204,Jammalamadugu Rural Circle,2016038,Peddamudium
2016,YSR Kadapa,2016401,Jammalamadugu SDPO,2016204,Jammalamadugu Rural Circle,2016055,Talamanchipatnam
2016,YSR Kadapa,2016401,Jammalamadugu SDPO,2016230,Yerraguntla UPS,2016021,Kalamalla
2016,YSR Kadapa,2016401,Jammalamadugu SDPO,2016205,Kondapuram Circle,2016027,Kondapuram
2016,YSR Kadapa,2016401,Jammalamadugu SDPO,2016205,Kondapuram Circle,2016056,Tallaproddatur
2016,YSR Kadapa,2016400,Kadapa SDPO,0,-,2016072,Chinna Chowk UPS
2016,YSR Kadapa,2016400,Kadapa SDPO,0,-,2016011,Kadapa I Town UPS
2016,YSR Kadapa,2016400,Kadapa SDPO,0,-,2016012,Kadapa II Town UPS
2016,YSR Kadapa,2016400,Kadapa SDPO,0,-,2016009,Kadapa Rural UPS
2016,YSR Kadapa,2016400,Kadapa SDPO,0,-,2016073,RIMS UPS
2016,YSR Kadapa,2016400,Kadapa SDPO,0,-,2016013,Chintakomma Dinne UPS
2016,YSR Kadapa,2016400,Kadapa SDPO,2016202,Kadapa Rural Circle,2016039,Pendlimarri
2016,YSR Kadapa,2016400,Kadapa SDPO,2016228,Kamalapuram Circle,2016061,Vallur
2016,YSR Kadapa,2016405,Rajampet SDPO,2016216,Vontimitta Circle,2016052,Sidhout
2016,YSR Kadapa,2016405,Rajampet SDPO,2016216,Vontimitta Circle,2016065,Vontimitta
2016,YSR Kadapa,2016400,Kadapa SDPO,0,-,2016006,Chennur UPS
2016,YSR Kadapa,2016400,Kadapa SDPO,2016202,Kadapa Rural Circle,2016016,Gangireddipalli (V.N.Palli)
2016,YSR Kadapa,2016400,Kadapa SDPO,2016228,Kamalapuram Circle,2016023,Kamalapuram
2016,YSR Kadapa,2016402,Mydukur SDPO,0,-,2016002,Badvel UPS
2016,YSR Kadapa,2016402,Mydukur SDPO,0,-,2016032,Mydukur UPS
2016,YSR Kadapa,2016402,Mydukur SDPO,2016206,Badvel Rural Circle,2016001,Atlur
2016,YSR Kadapa,2016402,Mydukur SDPO,2016206,Badvel Rural Circle,2016071,B.Kodur
2016,YSR Kadapa,2016402,Mydukur SDPO,2016206,Badvel Rural Circle,2016003,Badvel Rural (Gopavaram)
2016,YSR Kadapa,2016402,Mydukur SDPO,2016207,Mydukur Rural Circle,2016004,B.Matam
2016,YSR Kadapa,2016402,Mydukur SDPO,2016207,Mydukur Rural Circle,2016010,Chapadu
2016,YSR Kadapa,2016402,Mydukur SDPO,2016207,Mydukur Rural Circle,2016014,Duvvur
2016,YSR Kadapa,2016402,Mydukur SDPO,0,-,2016025,Khajipet UPS
2016,YSR Kadapa,2016402,Mydukur SDPO,2016208,Porumamilla Circle,2016022,Kalasapadu
2016,YSR Kadapa,2016402,Mydukur SDPO,2016208,Porumamilla Circle,2016040,Porumamilla
2016,YSR Kadapa,2016402,Mydukur SDPO,2016208,Porumamilla Circle,2016080,S.A.Kasinayana (SAKN PS)
2016,YSR Kadapa,2016403,Proddatur SDPO,0,-,2016042,Proddatur I Town UPS
2016,YSR Kadapa,2016403,Proddatur SDPO,0,-,2016043,Proddatur II Town UPS
2016,YSR Kadapa,2016403,Proddatur SDPO,0,-,2016047,Proddatur III Town UPS
2016,YSR Kadapa,2016403,Proddatur SDPO,0,-,2016075,Proddatur Traffic
2016,YSR Kadapa,2016403,Proddatur SDPO,2016209,Proddatur Rural Circle,2016041,Proddatur Rural
2016,YSR Kadapa,2016403,Proddatur SDPO,2016209,Proddatur Rural Circle,2016049,Rajupalem
2016,YSR Kadapa,2016404,Pulivendula SDPO,0,-,2016076,Pulivendula Traffic
2016,YSR Kadapa,2016404,Pulivendula SDPO,0,-,2016044,Pulivendula UPS
2016,YSR Kadapa,2016404,Pulivendula SDPO,0,-,2016063,Vempalli UPS
2016,YSR Kadapa,2016404,Pulivendula SDPO,2016222,Pulivendula Rural Circle,2016029,Lingala
2016,YSR Kadapa,2016404,Pulivendula SDPO,2016222,Pulivendula Rural Circle,2016053,Simhadripuram
2016,YSR Kadapa,2016404,Pulivendula SDPO,2016222,Pulivendula Rural Circle,2016057,Thondur
2016,YSR Kadapa,2016404,Pulivendula SDPO,2016223,RK Valley Circle,2016005,Chekrayapet
2016,YSR Kadapa,2016404,Pulivendula SDPO,2016223,RK Valley Circle,2016074,RK Valley
2016,YSR Kadapa,2016404,Pulivendula SDPO,2016223,RK Valley Circle,2016064,Vemula
2016,YSR Kadapa,2016405,Rajampet SDPO,0,-,2016048,Rajampet UPS
2016,YSR Kadapa,2016405,Rajampet SDPO,0,-,2016033,Mannur UPS
2016,YSR Kadapa,2016405,Rajampet SDPO,2016216,Vontimitta Circle,2016034,Nandalur
2016,YSR Kadapa,2016405,Rajampet SDPO,2016231,T.Sundupalli Circle,2016058,T. Sundupalli
2016,YSR Kadapa,0,-,0,-,2016060,"Mahila UPS, Kadapa"
